,Country,Total_Vaccinations,Protection from Ancestral var - Severe Disease,Protection from Ancestral var - Infection,Protection from Alpha var- Severe Disease,Protection from Alpha var - Infection,Protection from Beta var - Severe Disease,Protection from Beta var - Infection,Protection from Gamma var - Severe Disease,Protection from Gamma var - Infection,Protection from Delta var - Severe Disease,Protection from Delta var - Infection,Protection from Omicron var - Severe Disease,Protection from Omicron var - Infection,Ancestral-Protection from Severe Disease,Ancestral-Protection from Infection,Alpha-Protection from Severe Disease,Alpha-Protection from Infection,Beta-Protection from Severe Disease,Beta-Protection from Infection,Gamma-Protection from Severe Disease,Gamma-Protection from Infection,Delta-Protection from Severe Disease,Delta-Protection from Infection,Omicron-Protection from Severe Disease,Omicron-Protection from Infection,vaccine % in each country,Om-Sev-efficacypervaccine,Om-Inf-efficacypervaccine,Alpha-Sev-efficacypervaccine,Alpha-Inf-efficacypervaccine,Delta-Sev-efficacypervaccine,Delta-Inf-efficacypervaccine,Psb-Svr_Om,Psb-Inf_Om,Psb-Svr_Alpha,Psb-Inf_Alpha,Psb-Svr_Delta,Psb-Inf_Delta,people_vaccinated,Total_Pop,people_protected_sd_alpha,people_protected_inf_alpha,people_protected_sd_delta,people_protected_inf_delta,people_protected_sd_Om,people_protected_inf_Om,percent_protected_SD_Al,percent_protected_inf_Al,percent_protected_SD_Dt,percent_protected_inf_Dt,percent_protected_SD_Om,percent_protected_inf_Om
0,Argentina,109748183,96998627.0,83590743.0,96998627.0,83590743.0,95779189.0,84175044.0,95779189.0,84175044.0,95779189.0,84175044.0,72124501.0,43961947.0,5.17,4.57,5.17,4.57,5.1,4.57,5.1,4.57,5.1,4.57,3.84,2.39,1.0,0.6571817379427594,0.400571078794079,0.8838290005220406,0.7616594702073565,0.8727177710085642,0.766983489375856,0.34281826205724064,0.599428921205921,0.11617099947795939,0.11617099947795939,0.12728222899143582,0.23301651062414397,41376166,45195774,36569455.44121404,31514548.674771637,36109715.36440034,31734836.175674655,27191660.68128811,16574095.450982893,0.8091343991855088,0.6972897217065391,0.7989622074931241,0.7021637946874116,0.6016416641362997,0.3667178141695923
1,Austria,19366552,18381123.0,16335659.0,18381123.0,16335659.0,18343872.0,16070266.0,18343872.0,16070266.0,18343872.0,16070266.0,13888142.0,8419049.0,5.359999999999999,4.66,5.359999999999999,4.66,5.21,4.59,5.21,4.59,5.21,4.59,3.9299999999999997,2.4,1.0,0.7171199406068772,0.43472113466558215,0.9491169088849682,0.8434985809554535,0.9471935215933119,0.8297949268408749,0.2828800593931228,0.5652788653344178,0.05088309111503175,0.05088309111503175,0.05280647840668806,0.17020507315912514,6894948,9006398,6544111.732682594,5815878.853761642,6530850.077322763,5721392.871231636,4944504.700247507,2997379.618020186,0.7266069890185393,0.645749705238614,0.725134518519253,0.6352587206596506,0.5489991337544162,0.33280559198252024
2,Belgium,25878422,24603814.0,21799360.0,24603814.0,21799360.0,24561004.0,21527169.0,24561004.0,21527169.0,24561004.0,21527169.0,18582925.0,11284215.0,4.609999999999999,3.96,4.609999999999999,3.96,4.4799999999999995,3.9,4.4799999999999995,3.9,4.4799999999999995,3.9,3.38,2.04,1.0,0.7180856974200359,0.4360472582138123,0.9507462630449415,0.8423759536033534,0.9490920300318157,0.8318578872390288,0.2819143025799641,0.5639527417861877,0.049253736955058525,0.049253736955058525,0.05090796996818425,0.16814211276097124,9262734,11589623,8806509.736079322,7802704.386224204,8791187.015704721,7705278.335297118,6651436.804406279,4038989.7642638586,0.759861622425451,0.6732491976852227,0.7585395155394374,0.6648428801607367,0.5739131293922398,0.3485005305404549
3,Bulgaria,4548945,4279371.0,3758629.0,4279371.0,3758629.0,4226581.0,3679344.0,4226581.0,3679344.0,4226581.0,3679344.0,3196355.0,1925522.0,3.7199999999999998,3.13,3.7199999999999998,3.13,3.62,3.08,3.62,3.08,3.62,3.08,2.73,1.6099999999999999,1.0,0.7026585548956956,0.4232897605928408,0.9407391867784728,0.826263889759054,0.9291343861049101,0.8088347254143543,0.2973414451043044,0.5767102394071593,0.05926081322152721,0.05926081322152721,0.07086561389508994,0.1911652745856457,2104168,6948445,1979473.2931652856,1738598.036386529,1955054.8429415964,1701924.146505671,1478511.646137766,890672.7689671166,0.2848800405220572,0.2502139739735335,0.28136580816882,0.2449359743806954,0.21278309695734313,0.1281830350484341
4,Canada,90191204,86186723.0,78523692.0,86186723.0,78523692.0,86183633.0,77212349.0,86183633.0,77212349.0,86183633.0,77212349.0,65172639.0,40529949.0,5.5,4.71,5.5,4.71,5.37,4.65,5.37,4.65,5.37,4.65,4.03,2.4699999999999998,1.0,0.7226052583797418,0.44937806196710706,0.9556000997613914,0.8706358101173591,0.9555658321181741,0.8560962208687224,0.27739474162025823,0.5506219380328929,0.044399900238608625,0.044399900238608625,0.04443416788182586,0.1439037791312776,34367278,37742154,32841374.28532747,29921382.923058495,32840196.59970662,29421696.817344785,24833975.798998415,15443900.782724796,0.8701510328564573,0.7927841882860871,0.8701198294010093,0.779544718548517,0.657990420975931,0.4091950020320726
5,Chile,34560792,21152729.0,19477933.0,21152729.0,19477933.0,20893295.0,19090124.0,20893295.0,19090124.0,20893295.0,19090124.0,15798085.0,9974096.0,2.3899999999999997,1.96,2.3899999999999997,1.96,2.38,1.99,2.38,1.99,2.38,1.99,1.7999999999999998,1.04,1.0,0.45711004713086434,0.28859569074690183,0.6120440735270187,0.5635846620644572,0.6045374761666341,0.5523636214702488,0.5428899528691357,0.7114043092530982,0.38795592647298127,0.38795592647298127,0.3954625238333659,0.44763637852975124,18080462,19116201,11066039.613730468,10189871.06623926,10930316.865406733,9986989.468175218,8264760.836967802,5217943.41991311,0.5788827818733685,0.5330489602112501,0.5717829010799129,0.5224358892321345,0.4323432693016673,0.2729592255235813
6,Croatia,5283799,5005746.0,4415566.0,5005746.0,4415566.0,4985254.0,4348270.0,4985254.0,4348270.0,4985254.0,4348270.0,3773032.0,2277500.0,4.609999999999999,3.96,4.609999999999999,3.96,4.4799999999999995,3.9,4.4799999999999995,3.9,4.4799999999999995,3.9,3.38,2.04,1.0,0.7140756073423686,0.43103462489772987,0.9473761019296911,0.8356802387827396,0.9434977693133293,0.8229437077375577,0.28592439265763137,0.5689653751022701,0.05262389807030887,0.05262389807030887,0.05650223068667071,0.17705629226244235,2320323,4105267,2198218.558957807,1939048.0786930826,2189219.574586412,1909495.212768733,1656886.0554554667,1000139.5539465753,0.5354629939923047,0.47233178224292904,0.5332709357482502,0.46513301394738343,0.40360007167754663,0.24362350949318895
7,Cyprus,1744448,1655792.0,1449177.0,1655792.0,1449177.0,1652668.0,1434777.0,1652668.0,1434777.0,1652668.0,1434777.0,1250726.0,751683.0,4.609999999999999,3.96,4.609999999999999,3.96,4.4799999999999995,3.9,4.4799999999999995,3.9,4.4799999999999995,3.9,3.38,2.04,1.0,0.7169750775030267,0.4309002618593389,0.9491779175991488,0.8307364507282533,0.9473874658344645,0.8224819541769086,0.2830249224969733,0.5690997381406611,0.050822082400851176,0.050822082400851176,0.05261253416553546,0.17751804582309139,669939,1207359,635891.3049384562,556542.7470644353,634691.8114736753,551012.7378993239,480329.5664473002,288676.8905297836,0.5266795583902187,0.46095879275711305,0.5256860730517396,0.4563785401850849,0.39783491608320326,0.23909780813311005
8,Czechia,18239132,17312999.0,15521242.0,17312999.0,15521242.0,17271296.0,15219089.0,17271296.0,15219089.0,17271296.0,15219089.0,13076741.0,7973921.0,6.62,5.84,6.62,5.84,6.4399999999999995,5.75,6.4399999999999995,5.75,6.4399999999999995,5.75,4.85,3.01,1.0,0.7169607495575995,0.4371875887514822,0.9492227141072282,0.8509858243254119,0.9469363322772157,0.8344196050557668,0.2830392504424005,0.5628124112485178,0.05077728589277175,0.05077728589277175,0.05306366772278426,0.16558039494423316,6975798,10708981,6621585.910623775,5936305.21135756,6605636.572826737,5820742.612108808,5001373.362842403,3049732.3072374123,0.6183208197515501,0.554329605343175,0.6168314775072191,0.5435384199587998,0.4670260749218253,0.28478267981215133
9,Denmark,12218188,11635953.0,10568516.0,11635953.0,10568516.0,11631312.0,10351047.0,11631312.0,10351047.0,11631312.0,10351047.0,8805780.0,5427247.0,3.7199999999999998,3.13,3.7199999999999998,3.13,3.62,3.08,3.62,3.08,3.62,3.08,2.73,1.6099999999999999,1.0,0.7207108132564338,0.444194051523843,0.9523469339316109,0.8649822338631554,0.951967082189274,0.8471834825262141,0.2792891867435662,0.555805948476157,0.04765306606838915,0.04765306606838915,0.04803291781072605,0.15281651747378588,4802680,5792202,4573817.572654669,4154232.8749298993,4571993.2662887825,4068751.167858998,3461343.4086104096,2133321.8873725305,0.78965090869667,0.7172113256633487,0.7893359496593493,0.7024532583392288,0.5975867914500236,0.3683093040216019
10,Ecuador,29911659,21094468.0,18276023.0,21094468.0,18276023.0,20925600.0,18242020.0,20925600.0,18242020.0,20925600.0,18242020.0,15822924.0,9533384.0,3.05,2.58,3.05,2.58,3.02,2.6,3.02,2.6,3.02,2.6,2.28,1.3599999999999999,1.0,0.5289885097981358,0.3187179982226997,0.7052256075131105,0.6109999756282324,0.6995800834717993,0.6098632292511759,0.47101149020186417,0.6812820017773003,0.2947743924868895,0.2947743924868895,0.30041991652820066,0.39013677074882414,15303829,17643054,10792652.103801757,9350639.146018635,10706253.969258143,9333242.573847793,8095549.696915495,4877605.7440225,0.6117224435067623,0.5299898274991753,0.6068254378895027,0.529003797973287,0.4588519480196283,0.27646039875083417
11,Estonia,2129188,2017888.0,1779374.0,2017888.0,1779374.0,2009930.0,1753578.0,2009930.0,1753578.0,2009930.0,1753578.0,1521025.0,918583.0,4.609999999999999,3.96,4.609999999999999,3.96,4.4799999999999995,3.9,4.4799999999999995,3.9,4.4799999999999995,3.9,3.38,2.04,1.0,0.7143691914476317,0.4314241532452748,0.9477262599638924,0.8357058700312044,0.9439886003490533,0.8235896407456739,0.28563080855236833,0.5685758467547253,0.05227374003610763,0.05227374003610763,0.0560113996509467,0.17641035925432613,868225,1326535,822839.6320571505,725580.7290078425,819594.5025380568,715061.1158364126,620233.19124462,374573.2354513787,0.6202924401219345,0.5469744326443271,0.6178461198069081,0.5390442889455707,0.4675588591666409,0.282369658886783
12,Finland,12880233,12271976.0,11073509.0,12271976.0,11073509.0,12271976.0,10880854.0,12271976.0,10880854.0,12271976.0,10880854.0,9288876.0,5705586.0,2.86,2.41,2.86,2.41,2.86,2.44,2.86,2.44,2.86,2.44,2.16,1.28,1.0,0.7211730121652302,0.4429722567906962,0.9527759722980166,0.8597289575429264,0.9527759722980166,0.8447715014161622,0.2788269878347698,0.5570277432093038,0.04722402770198342,0.04722402770198342,0.04722402770198342,0.1552284985838378,4523315,5540720,4309705.847135203,3888824.8895882824,4309705.847135203,3821167.603928248,3262092.7035221686,2003703.053725208,0.7778241541054598,0.7018627343717572,0.7778241541054598,0.68965181491363,0.5887488816475419,0.3616322524374464
13,France,150199793,142989879.0,128646310.0,142989879.0,128646310.0,142879910.0,126445602.0,142879910.0,126445602.0,142879910.0,126445602.0,108138828.0,66296281.0,4.609999999999999,3.96,4.609999999999999,3.96,4.4799999999999995,3.9,4.4799999999999995,3.9,4.4799999999999995,3.9,3.38,2.04,1.0,0.7199665624705621,0.44138729964827583,0.9519978381062083,0.8565012503712306,0.9512656876298092,0.8418493755846921,0.2800334375294379,0.5586127003517242,0.048002161893791695,0.048002161893791695,0.04873431237019077,0.15815062441530792,54610278,65273511,51988866.59437903,46773771.39012051,51948883.65332504,45973628.434806444,39317574.12722176,24104283.139461644,0.7964772508465039,0.716581208418841,0.795864706179587,0.7043228980712627,0.6023511455852553,0.36928124089206177
14,Germany,185882381,176744263.0,158278321.0,176744263.0,158278321.0,176364520.0,155676303.0,176364520.0,155676303.0,176364520.0,155676303.0,133449254.0,81612023.0,5.359999999999999,4.66,5.359999999999999,4.66,5.21,4.59,5.21,4.59,5.21,4.59,3.9299999999999997,2.4,1.0,0.7179230865350279,0.439051951459563,0.9508392446834432,0.8514971659417253,0.9487963262101747,0.8374989699534783,0.2820769134649721,0.560948048540437,0.04916075531655684,0.04916075531655684,0.051203673789825266,0.16250103004652172,64823644,83783942,61636864.698588416,55197149.15201533,61504435.27875624,54289735.07863097,46538390.58092784,28460947.398919992,0.7356644152478338,0.6588034393513655,0.7340838090281815,0.6479730337661955,0.5554571612413253,0.33969453715749004
15,Hong Kong,19694058,14889740.0,13626558.0,14889740.0,13626558.0,14804860.0,13317556.0,14804860.0,13317556.0,14804860.0,13317556.0,11208910.0,6967779.0,1.45,1.33,1.45,1.33,1.44,1.3,1.44,1.3,1.44,1.3,1.0899999999999999,0.6799999999999999,1.0,0.5691518837813923,0.3538010764465099,0.7560524220046472,0.6919120990706943,0.7517424758269727,0.6762220452483687,0.43084811621860775,0.6461989235534902,0.24394757799535283,0.24394757799535283,0.24825752417302727,0.3237779547516313,6899337,7496981,5216260.449076276,4773734.745866107,5186524.677944639,4665483.776997744,3926770.6503926595,2440992.8573672343,0.6957814684439345,0.6367542809387015,0.6918151023651572,0.6223150061335014,0.5237802590659706,0.3255967778719506
16,Hungary,16479930,15070902.0,13484965.0,15070902.0,13484965.0,14936148.0,13287015.0,14936148.0,13287015.0,14936148.0,13287015.0,11282441.0,6948205.0,5.37,4.67,5.37,4.67,5.22,4.6,5.22,4.6,5.22,4.6,3.9299999999999997,2.4,1.0,0.684616960144855,0.42161625929236346,0.9145003595282262,0.8182658609593608,0.9063234801361414,0.80625425107995,0.31538303985514504,0.5783837407076365,0.08549964047177383,0.08549964047177383,0.09367651986385861,0.19374574892005003,6420202,9660351,5871277.037243837,5253432.11706301,5818779.819817015,5176315.155291997,4395379.176755918,2706861.5511413505,0.6077705703699416,0.5438137927972814,0.6023362732696788,0.5358309605201712,0.45499166404573893,0.28020322979375706
17,Iceland,83137,79102.0,71876.0,79102.0,71876.0,79094.0,70273.0,79094.0,70273.0,79094.0,70273.0,59911.0,36831.0,3.7199999999999998,3.13,3.7199999999999998,3.13,3.62,3.08,3.62,3.08,3.62,3.08,2.73,1.6099999999999999,1.0,0.7206275184334292,0.4430105729097754,0.9514698629972215,0.8645400964672769,0.9513676221177093,0.845260714242756,0.2793724815665708,0.5569894270902246,0.04853013700277853,0.04853013700277853,0.04863237788229069,0.15473928575724405,309770,341243,294736.8194606493,267808.5856826684,294705.1483034028,261836.4114509785,223228.78638512336,137231.38517026114,0.8637153566832119,0.784803162797972,0.863622545527389,0.767301926928841,0.654163708515994,0.4021515025077764
18,Ireland,11666898,11081691.0,9820683.0,11081691.0,9820683.0,11058001.0,9684083.0,11058001.0,9684083.0,11058001.0,9684083.0,8368405.0,5074905.0,4.609999999999999,3.96,4.609999999999999,3.96,4.4799999999999995,3.9,4.4799999999999995,3.9,4.4799999999999995,3.9,3.38,2.04,1.0,0.7172775608392221,0.4349831986188617,0.9498403688795427,0.8417561866058998,0.9478098865696777,0.8300478250516976,0.2827224391607779,0.5650168013811383,0.05015963112045729,0.05015963112045729,0.052190113430322316,0.1699521749483024,4103340,4937786,3897517.979238183,3454011.830747453,3889186.2199568213,3405968.442447633,2943233.706494014,1784883.95822072,0.789325009070499,0.6995061816667334,0.7876376618907384,0.6897764387617513,0.5960634394633574,0.3614745471392887
19,Italy,141300425,134660283.0,120562055.0,134660283.0,120562055.0,134508176.0,118961799.0,134508176.0,118961799.0,134508176.0,118961799.0,101727833.0,62402206.0,4.609999999999999,3.96,4.609999999999999,3.96,4.4799999999999995,3.9,4.4799999999999995,3.9,4.4799999999999995,3.9,3.38,2.04,1.0,0.7199400332306148,0.44162787514616464,0.9530069271907711,0.8532320761243288,0.9519304497491781,0.8419068770670719,0.28005996676938516,0.5583721248538354,0.04699307280922893,0.04699307280922893,0.048069550250821935,0.1580931229329281,50859482,60461826,48469438.65933433,43394941.41746793,48414689.574270226,42818947.659868956,36615777.16117186,22460964.96669461,0.801653569962216,0.7177246254102205,0.8007480550499786,0.7081980564045313,0.6056015767894913,0.3714900202765065
20,Japan,327458512,312654382.0,286330910.0,312654382.0,286330910.0,312647628.0,280585159.0,312647628.0,280585159.0,312647628.0,280585159.0,236544932.0,147237030.0,3.75,3.24,3.75,3.24,3.7199999999999998,3.26,3.7199999999999998,3.26,3.7199999999999998,3.26,2.81,1.71,1.0,0.7223661121076614,0.44963568071792864,0.9547908229669106,0.8744036256721279,0.9547701978502852,0.8568571240560697,0.27763388789233856,0.5503643192820713,0.045209177033089354,0.045209177033089354,0.04522980214971484,0.14314287594393027,104409189,126476461,99688935.4906177,91295773.41508646,99686782.03891782,89463757.41156663,75421659.926244,46946096.769221865,0.7882014937990534,0.7218400380058584,0.7881844672971821,0.7073550026954551,0.596329619993431,0.3711844591320583
21,Latvia,2896153,2736551.0,2432186.0,2736551.0,2432186.0,2707153.0,2384756.0,2707153.0,2384756.0,2707153.0,2384756.0,2045649.0,1249627.0,5.84,5.11,5.84,5.11,5.68,5.03,5.68,5.03,5.68,5.03,4.28,2.63,1.0,0.7063329976006101,0.43147889631521535,0.9448917097957186,0.8397991059174015,0.9347409788087853,0.8234217356610649,0.2936670023993899,0.5685211036847846,0.05510829020428143,0.05510829020428143,0.06525902119121474,0.1765782643389351,1346184,1886198,1271998.1014596396,1130524.1196003112,1258333.3498167258,1108477.165799155,950854.1800419796,580849.9865572018,0.6743714612461892,0.5993666198354103,0.6671268603914996,0.5876780517205271,0.504111540804295,0.30794751481933597
22,Liechtenstein,68535,66016.0,61698.0,66016.0,61698.0,65990.0,60778.0,65990.0,60778.0,65990.0,60778.0,49772.0,31990.0,3.67,3.33,3.67,3.33,3.54,3.21,3.54,3.21,3.54,3.21,2.67,1.68,1.0,0.7262187203618589,0.4667663237761728,0.963247537754432,0.9002455679579776,0.9628618953819216,0.8868121397825928,0.27378127963814114,0.5332336762238272,0.03675246224556805,0.03675246224556805,0.03713810461807843,0.11318786021740723,26764,38128,25780.357100459616,24094.172380827313,25770.035768001748,23734.640109141314,19436.51783176479,12492.533889545488,0.6761528824081938,0.6319285664295875,0.6758821802350438,0.6224989537647219,0.5097701907198068,0.3276472379759098
23,Lithuania,4488690,4238856.0,3715230.0,4238856.0,3715230.0,4209276.0,3653923.0,4209276.0,3653923.0,4209276.0,3653923.0,3185415.0,1912741.0,3.7199999999999998,3.13,3.7199999999999998,3.13,3.62,3.08,3.62,3.08,3.62,3.08,2.73,1.6099999999999999,1.0,0.7096537854028682,0.42612455304331553,0.9443414737930219,0.8276869264752076,0.937751622410993,0.8140285138871252,0.29034621459713184,0.5738754469566845,0.05565852620697809,0.05565852620697809,0.06224837758900703,0.18597148611287484,1956204,2722289,1847324.5683998046,1619124.476318507,1834433.474766874,1592405.8349800499,1388227.5736202323,833586.555161546,0.6785923788399412,0.5947658299021548,0.6738569912183732,0.5849510595605573,0.5099486401407904,0.3062079577743384
24,Luxembourg,1207650,1149241.0,1028946.0,1149241.0,1028946.0,1145074.0,1014110.0,1145074.0,1014110.0,1145074.0,1014110.0,865590.0,531965.0,4.609999999999999,3.96,4.609999999999999,3.96,4.4799999999999995,3.9,4.4799999999999995,3.9,4.4799999999999995,3.9,3.38,2.04,1.0,0.7167557653293587,0.4404952593880678,0.9516332712292469,0.8520231192812487,0.9481834389102803,0.8397375729723017,0.2832442346706413,0.5595047406119322,0.0483667287707531,0.0483667287707531,0.05181656108971966,0.16026242702769833,481858,625978,458552.10480798245,410554.156210624,456889.77550642984,404634.2674372873,345374.49957007414,212256.16469821555,0.7325370936486305,0.6558603596462239,0.7298815222043424,0.6464033359595502,0.5517358430648907,0.33907927227189383
25,Malta,1272782,1209521.0,1054371.0,1209521.0,1054371.0,1206281.0,1047986.0,1206281.0,1047986.0,1206281.0,1047986.0,912051.0,549379.0,3.7199999999999998,3.13,3.7199999999999998,3.13,3.62,3.08,3.62,3.08,3.62,3.08,2.73,1.6099999999999999,1.0,0.7165805063239423,0.43163602250817495,0.9502976943420004,0.8283977460397773,0.947751775245093,0.823381843866428,0.2834194936760577,0.568363977491825,0.0497023056579996,0.0497023056579996,0.05224822475490698,0.176618156133572,478434,534110,454654.72709482064,396333.6472287948,453436.6728376108,393933.8690883906,342836.477962589,206509.34879267617,0.8512379979682474,0.7420449855437922,0.8489574672588246,0.737551944521523,0.6418836531100129,0.386641981600562
26,Nepal,46888075,39823160.0,33411475.0,39823160.0,33411475.0,39054367.0,33652262.0,39054367.0,33652262.0,39054367.0,33652262.0,29343108.0,17593336.0,4.45,3.81,4.45,3.81,4.33,3.75,4.33,3.75,4.33,3.75,3.26,1.96,1.0,0.6258117585334864,0.3752198240170875,0.8493238289266514,0.7125793402693543,0.8329275093933799,0.717714723839697,0.37418824146651364,0.6247801759829126,0.15067617107334863,0.15067617107334863,0.1670724906066201,0.28228527616030297,27398529,29136808,23270223.557237897,19523625.71917077,22820988.52101229,19664327.67484893,17146321.614720725,10280471.229707068,0.7986538387196668,0.6700674184753104,0.7832357106863693,0.6748964291094937,0.5884763222766449,0.3528345050599595
27,Netherlands,34376849,32734102.0,29396324.0,32734102.0,29396324.0,32658491.0,28945840.0,32658491.0,28945840.0,32658491.0,28945840.0,24697599.0,15182780.0,4.609999999999999,3.96,4.609999999999999,3.96,4.4799999999999995,3.9,4.4799999999999995,3.9,4.4799999999999995,3.9,3.38,2.04,1.0,0.7184369576746257,0.44165711435623434,0.9522135885694469,0.8551198182823563,0.950014119676879,0.8420155203869907,0.2815630423253743,0.5583428856437657,0.047786411430553066,0.047786411430553066,0.04998588032312101,0.15798447961300932,12775557,17134872,12165058.976943517,10924631.980295885,12136959.536736788,10757217.275588661,9178432.303678768,5642415.63891359,0.7099591392887858,0.6375671776419389,0.7083192414122959,0.6277967688109174,0.5356580605725428,0.32929429755376
28,Norway,11875213,11326336.0,10318701.0,11326336.0,10318701.0,11325601.0,10116103.0,11325601.0,10116103.0,11325601.0,10116103.0,8571083.0,5306499.0,3.7199999999999998,3.13,3.7199999999999998,3.13,3.62,3.08,3.62,3.08,3.62,3.08,2.73,1.6099999999999999,1.0,0.7217625688061342,0.4468550500946804,0.9537796282054056,0.8689276082879525,0.9537177682623461,0.8518671134572491,0.2782374311938658,0.5531449499053196,0.04622037179459437,0.04622037179459437,0.04628223173765389,0.14813288654275092,4346995,5421241,4146075.2749107573,3777223.9685896877,4145806.370047577,3703062.0828630943,3137498.2777874214,1942476.6684863253,0.7647834278001582,0.6967452597273738,0.7647338257139974,0.6830653872172615,0.5787417083629784,0.3583084884966976
29,Peru,84780770,75896941.0,67554355.0,75896941.0,67554355.0,75472699.0,66763737.0,75472699.0,66763737.0,75472699.0,66763737.0,56982675.0,34956836.0,3.59,3.09,3.59,3.09,3.57,3.11,3.57,3.11,3.57,3.11,2.69,1.63,1.0,0.6721179248548934,0.4123203465833113,0.8952141119973316,0.7968122371382095,0.8902101166337603,0.787486810039588,0.3278820751451066,0.5876796534166887,0.10478588800266841,0.10478588800266841,0.10978988336623974,0.21251318996041202,30118752,32971854,26962731.826147854,23998990.16093092,26812017.7307833,23718119.93485346,20243353.09345917,12418574.2632968,0.8177499459432234,0.7278629269961865,0.813178953503291,0.7193444425313014,0.613958593091525,0.37664167332831205
30,Poland,52947094,50076546.0,44162645.0,50076546.0,44162645.0,49803831.0,43401710.0,49803831.0,43401710.0,49803831.0,43401710.0,37697371.0,22725026.0,4.609999999999999,3.96,4.609999999999999,3.96,4.4799999999999995,3.9,4.4799999999999995,3.9,4.4799999999999995,3.9,3.38,2.04,1.0,0.7119818840293671,0.4292025058070231,0.9457845796031789,0.8340900816955128,0.9406338814364391,0.8197184668907418,0.28801811597063287,0.5707974941929769,0.054215420396821146,0.054215420396821146,0.05936611856356089,0.1802815331092582,22828328,37846611,21590680.600523476,19040881.966491964,21473098.773344144,18712802.029838994,16253355.978680354,9797975.580984628,0.5704785720582346,0.5031066577266843,0.5673717726890829,0.49443798362392327,0.42945340544970734,0.2588864715254063
31,Portugal,23803134,22558085.0,20008423.0,22558085.0,20008423.0,22444233.0,19682568.0,22444233.0,19682568.0,22444233.0,19682568.0,16978965.0,10313023.0,6.62,5.84,6.62,5.84,6.4399999999999995,5.75,6.4399999999999995,5.75,6.4399999999999995,5.75,4.85,3.01,1.0,0.7133079412988221,0.4332632707104871,0.9476939103901192,0.8405793560629453,0.942910905765602,0.8268897112455863,0.28669205870117787,0.5667367292895129,0.05230608960988081,0.05230608960988081,0.05708909423439801,0.1731102887544137,9769228,10196709,9258237.884812644,8211811.381472095,9211511.62211068,8078074.120012296,6968467.9127588095,4232647.67559647,0.9079633325627556,0.8053393875879066,0.9033808478903026,0.7922236596153029,0.6834036268720437,0.41509938898878745
32,Romania,16827486,15812874.0,14049118.0,15812874.0,14049118.0,15607408.0,13667343.0,15607408.0,13667343.0,15607408.0,13667343.0,11809185.0,7150470.0,3.7199999999999998,3.13,3.7199999999999998,3.13,3.62,3.08,3.62,3.08,3.62,3.08,2.73,1.6099999999999999,1.0,0.7017795011090783,0.42492804272723805,0.9397050777519588,0.8348910865235603,0.927494976968039,0.812203453326302,0.2982204988909217,0.575071957272762,0.06029492224804123,0.06029492224804123,0.07250502303196105,0.18779654667369805,8183574,19237691,7690146.041958909,6832392.988505958,7590223.778646243,6646727.063351338,5743064.479009224,3477430.0823335145,0.39974371362752986,0.35515660317581554,0.3945496254538158,0.34550544882706236,0.2985319017240283,0.1807613025042098
33,Slovakia,6896429,6538624.0,5751323.0,6538624.0,5751323.0,6518749.0,5676959.0,6518749.0,5676959.0,6518749.0,5676959.0,4933683.0,2973530.0,5.53,4.82,5.53,4.82,5.37,4.75,5.37,4.75,5.37,4.75,4.05,2.48,1.0,0.7153967466351064,0.43116950816139776,0.9481172531465197,0.8339568072113843,0.9452352891619706,0.8231737657271612,0.28460325336489356,0.5688304918386022,0.051882746853480266,0.051882746853480266,0.05476471083802936,0.17682623427283883,2595901,5459642,2461218.5255603036,2164869.30979684,2453737.232370849,2136877.6016249033,1857099.1299868193,1119273.3574056807,0.45080218182076837,0.3965222096607873,0.4494318917560618,0.3913951870149917,0.340150348683452,0.20500856235732684
34,Slovenia,2984841,2824867.0,2487762.0,2824867.0,2487762.0,2811268.0,2448168.0,2811268.0,2448168.0,2811268.0,2448168.0,2127823.0,1281992.0,4.609999999999999,3.96,4.609999999999999,3.96,4.4799999999999995,3.9,4.4799999999999995,3.9,4.4799999999999995,3.9,3.38,2.04,1.0,0.7128761264000326,0.42950066686969257,0.9464045153493937,0.8334655447308583,0.9418486947880975,0.8202005634470981,0.2871238735999674,0.5704993331303074,0.05359548465060626,0.05359548465060626,0.05815130521190248,0.17979943655290187,1265802,2078938,1197960.7283382933,1055002.3534514098,1192193.9615601634,1038211.5136124637,902360.026549414,543662.8031249905,0.5762368711035603,0.5074717733051249,0.5734629707861242,0.4993951304043044,0.4340485510147075,0.26150986856028924
35,South Africa,37724286,35004328.0,31145950.0,35004328.0,31145950.0,34077945.0,29835635.0,34077945.0,29835635.0,34077945.0,29835635.0,25771913.0,15579665.0,1.81,1.58,1.81,1.58,1.71,1.48,1.71,1.48,1.71,1.48,1.29,0.77,1.0,0.6831650125863217,0.412987675896636,0.927899007551793,0.8256206784139002,0.9033423492760074,0.7908866834484289,0.3168349874136783,0.587012324103364,0.072100992448207,0.072100992448207,0.09665765072399257,0.20911331655157106,22474988,59308690,20854519.059938457,18555814.839904267,20302608.459870074,17775168.71986324,15354125.459897429,9281893.059924783,0.35162670192072115,0.3128683982044498,0.34232097286030216,0.29970597428240686,0.25888491989786705,0.1565014007209531
36,South Korea,129232449,122882966.0,107738663.0,122882966.0,107738663.0,122703262.0,106948294.0,122703262.0,106948294.0,122703262.0,106948294.0,92805923.0,56067982.0,5.359999999999999,4.66,5.359999999999999,4.66,5.21,4.59,5.21,4.59,5.21,4.59,3.9299999999999997,2.4,1.0,0.7181317360162385,0.43385375015217736,0.9508677325305506,0.8336812044782964,0.9494771868015904,0.8275653255630867,0.2818682639837615,0.5661462498478227,0.04913226746944943,0.04913226746944943,0.050522813198409566,0.1724346744369133,45131168,51269185,42913771.38261534,37625006.497752346,42851014.42970996,37348989.73896236,32410124.02428051,19580326.48554794,0.837028546145513,0.7338717496241133,0.8358044784544549,0.7284880721033962,0.6321560216781389,0.38191218537115307
37,Spain,103045916,98099615.0,87536092.0,98099615.0,87536092.0,97901507.0,86380997.0,97901507.0,86380997.0,97901507.0,86380997.0,74039072.0,45303191.0,3.7199999999999998,3.13,3.7199999999999998,3.13,3.62,3.08,3.62,3.08,3.62,3.08,2.73,1.6099999999999999,1.0,0.7185056347114233,0.4396408289485243,0.9519990586526496,0.8494862827945555,0.950076543838962,0.8382767539278315,0.28149436528857674,0.5603591710514757,0.048000941347350445,0.048000941347350445,0.04992345616103799,0.16172324607216848,41310693,46754778,39327740.848288596,35092867.03623707,39248320.4290324,34629793.63054919,29681965.69433375,18161867.314958,0.8411491302191317,0.7505728513187907,0.8394504713300617,0.7406685500795062,0.6348434740580685,0.3884494396478152
38,Sweden,21986863,20956931.0,18853558.0,20956931.0,18853558.0,20956723.0,18561178.0,20956723.0,18561178.0,20956723.0,18561178.0,15858359.0,9734477.0,3.75,3.24,3.75,3.24,3.7199999999999998,3.26,3.7199999999999998,3.26,3.7199999999999998,3.26,2.81,1.71,1.0,0.7212652223284421,0.442740596055017,0.9531568941872244,0.8574919182422704,0.9531474617365834,0.8441939607300959,0.27873477767155785,0.557259403944983,0.04684310581277562,0.04684310581277562,0.04685253826341662,0.1558060392699041,7813295,10099265,7447295.99556857,6699837.3173427405,7447222.297049139,6595936.452402655,5635457.955292705,3459262.885453684,0.7374097021484801,0.6633985064598998,0.7374024047343186,0.6531105434308987,0.5580067416086919,0.34252620219923763
39,Switzerland,16004728,15397586.0,14351613.0,15397586.0,14351613.0,15391281.0,14127148.0,15391281.0,14127148.0,15391281.0,14127148.0,11613326.0,7432737.0,3.67,3.33,3.67,3.33,3.54,3.21,3.54,3.21,3.54,3.21,2.67,1.68,1.0,0.725618430378823,0.4644088378134261,0.9620647904794133,0.8967108544425122,0.9616708568867898,0.8826859113132068,0.274381569621177,0.5355911621865739,0.03793520952058671,0.03793520952058671,0.03832914311321023,0.11731408868679316,6095349,8654622,5864120.658583901,5465765.609915312,5861719.495854037,5380278.686837044,4422897.573991128,2830733.945157229,0.6775709740510794,0.6315429616585579,0.6772935312315242,0.6216653583295774,0.511044569478728,0.3270777100556476
40,Ukraine,31683310,25706763.0,22675034.0,25706763.0,22675034.0,25606672.0,22491916.0,25606672.0,22491916.0,25606672.0,22491916.0,19368134.0,11776412.0,4.22,3.6,4.22,3.6,4.109999999999999,3.54,4.109999999999999,3.54,4.109999999999999,3.54,3.0999999999999996,1.85,1.0,0.6113040105342529,0.37169135421772537,0.8113660618161422,0.7156775362170177,0.8082069755338063,0.7098979399563997,0.3886959894657471,0.6283086457822746,0.18863393818385776,0.18863393818385776,0.19179302446619373,0.2901020600436003,15774300,43733762,12798731.668906372,11289312.159548102,12748899.29416292,11198143.074254235,9642892.853370465,5863170.928836665,0.2926510568403965,0.2581372295287129,0.2915116082207362,0.25605259099947164,0.22049081561678743,0.13406509435059955
41,United States,627128998,598785208.0,550828057.0,598785208.0,550828057.0,596893564.0,539508060.0,596893564.0,539508060.0,596893564.0,539508060.0,451052982.0,283286231.0,2.78,2.5,2.78,2.5,2.6799999999999997,2.39,2.6799999999999997,2.39,2.6799999999999997,2.39,2.02,1.25,1.0,0.7192347717271399,0.45171923430974886,0.9548038923405038,0.8783329406177451,0.9517875357280162,0.8602824332961239,0.2807652282728601,0.5482807656902511,0.04519610765949622,0.04519610765949622,0.04821246427198378,0.13971756670387614,267346533,331002651,255263510.31213894,234819266.49384904,254457097.82949877,229993525.94252247,192284922.63429728,120765571.182126,0.7711826764557814,0.7094180840680006,0.7687464044796993,0.6948389242433061,0.5809165638202012,0.3648477461351994
42,Uruguay,5895528,4138168.0,3782409.0,4138168.0,3782409.0,4105687.0,3704271.0,4105687.0,3704271.0,4105687.0,3704271.0,3107013.0,1937109.0,2.3899999999999997,1.96,2.3899999999999997,1.96,2.38,1.9899999999999998,2.38,1.9899999999999998,2.38,1.9899999999999998,1.7999999999999998,1.04,1.0,0.5270117282116207,0.32857257908027915,0.7019163915428779,0.6415725376929767,0.6964068578760036,0.6283188189420863,0.4729882717883793,0.6714274209197209,0.2980836084571221,0.2980836084571221,0.30359314212399635,0.3716811810579137,3002536,3473730,2107529.2345975866,1926344.6410345195,2090986.6614195844,1886549.873351096,1582371.6863776068,986550.997301385,0.6067049640005373,0.5545464503673341,0.601942770860022,0.5430905318925466,0.45552523839722914,0.2840033616030564
