,Country,Date,Vaccine_Manufacturer,Total_Vaccinations,Protection from Ancestral var - Severe Disease,Protection from Ancestral var - Infection,Protection from Alpha var- Severe Disease,Protection from Alpha var - Infection,Protection from Beta var - Severe Disease,Protection from Beta var - Infection,Protection from Gamma var - Severe Disease,Protection from Gamma var - Infection,Protection from Delta var - Severe Disease,Protection from Delta var - Infection,Protection from Omicron var - Severe Disease,Protection from Omicron var - Infection,Ancestral-Protection from Severe Disease,Ancestral-Protection from Infection,Alpha-Protection from Severe Disease,Alpha-Protection from Infection,Beta-Protection from Severe Disease,Beta-Protection from Infection,Gamma-Protection from Severe Disease,Gamma-Protection from Infection,Delta-Protection from Severe Disease,Delta-Protection from Infection,Omicron-Protection from Severe Disease,Omicron-Protection from Infection,vaccine % in each country,Om-Sev-efficacypervaccine,Om-Inf-efficacypervaccine,Alpha-Sev-efficacypervaccine,Alpha-Inf-efficacypervaccine,Delta-Sev-efficacypervaccine,Delta-Inf-efficacypervaccine
3188,Argentina,10/13/22,Oxford/AstraZeneca,26759220,25153667.0,16858309.0,25153667.0,16858309.0,25153667.0,18463862.0,25153667.0,18463862.0,25153667.0,18463862.0,18999046.0,9633319.0,0.94,0.63,0.94,0.63,0.94,0.69,0.94,0.69,0.94,0.69,0.71,0.36,0.2438238089098933,0.17311490432602425,0.08777657120756159,0.22919438037529968,0.1536089996132328,0.22919438037529968,0.16823842814782636
3196,Argentina,10/14/22,Sputnik V,20742641,19083230.0,17838671.0,19083230.0,17838671.0,18460950.0,17631245.0,18460950.0,17631245.0,18460950.0,17631245.0,13897569.0,9126762.0,0.92,0.86,0.92,0.86,0.89,0.85,0.89,0.85,0.89,0.85,0.67,0.44,0.1890021359169108,0.12663143106433025,0.08316093980344076,0.17388196504355796,0.1625418368885433,0.16821190096605063,0.1606518155293742
3197,Argentina,10/15/22,CanSino,979735,646625.0,607436.0,646625.0,607436.0,627030.0,597638.0,627030.0,597638.0,627030.0,597638.0,470273.0,313515.0,0.66,0.62,0.66,0.62,0.64,0.61,0.64,0.61,0.64,0.61,0.48,0.32,0.008927118182904223,0.004285016727794026,0.0028566778185293512,0.005891898000716787,0.005534813273400618,0.0057133556370587025,0.005445542091571575
3201,Argentina,10/16/22,Moderna,13252207,12854641.0,12192030.0,12854641.0,12192030.0,12854641.0,12059508.0,12854641.0,12059508.0,12854641.0,12059508.0,9674111.0,6361059.0,0.97,0.92,0.97,0.92,0.97,0.91,0.97,0.91,0.97,0.91,0.73,0.48,0.12075103785545133,0.08814825763447946,0.05796049817061663,0.11712850671978778,0.11109095482701523,0.11712850671978778,0.10988344444846071
3202,Argentina,10/16/22,Pfizer/BioNTech,19136214,18179403.0,16457144.0,18179403.0,16457144.0,18179403.0,16074420.0,18179403.0,16074420.0,18179403.0,16074420.0,13778074.0,8419934.0,0.95,0.86,0.95,0.86,0.95,0.84,0.95,0.84,0.95,0.84,0.72,0.44,0.17436474551929484,0.12554261677389228,0.07672048802848973,0.1656465082433301,0.14995368114659358,0.1656465082433301,0.14646638623620767
3203,Argentina,10/16/22,Sinopharm/Beijing,28878166,21081061.0,19637153.0,21081061.0,19637153.0,20503498.0,19348371.0,20503498.0,19348371.0,20503498.0,19348371.0,15305428.0,10107358.0,0.73,0.68,0.73,0.68,0.71,0.67,0.71,0.67,0.71,0.67,0.53,0.35,0.2631311536155455,0.13945951141623913,0.09209590376544093,0.19208574213934823,0.17892918445857095,0.1868231190670373,0.1762978729224155
3598,Austria,9/16/22,Oxford/AstraZeneca,1592629,1497071.0,1003356.0,1497071.0,1003356.0,1497071.0,1098914.0,1497071.0,1098914.0,1497071.0,1098914.0,1130767.0,573346.0,0.94,0.63,0.94,0.63,0.94,0.69,0.94,0.69,0.94,0.69,0.71,0.36,0.08223606349751882,0.058387605083238356,0.029604982859106774,0.07730189968766768,0.05180872000343686,0.07730189968766768,0.05674288381328798
3615,Austria,10/4/22,Johnson&Johnson,368082,316551.0,265019.0,316551.0,265019.0,279742.0,235572.0,279742.0,235572.0,279742.0,235572.0,209807.0,121467.0,0.86,0.72,0.86,0.72,0.76,0.64,0.76,0.64,0.76,0.64,0.57,0.33,0.01900606778119306,0.010833458635280043,0.00627200236779371,0.01634521829182603,0.013684368802459003,0.014444611513706726,0.01216388337996356
3616,Austria,10/4/22,Moderna,1646408,1597016.0,1514695.0,1597016.0,1514695.0,1597016.0,1498231.0,1597016.0,1498231.0,1597016.0,1498231.0,1201878.0,790276.0,0.97,0.92,0.97,0.92,0.97,0.91,0.97,0.91,0.97,0.91,0.73,0.48,0.08501296462065111,0.062059464173075306,0.04080622301791253,0.08246257568203158,0.07821192745099903,0.08246257568203158,0.0773617978047925
3617,Austria,10/4/22,Novavax,14312,12738.0,11879.0,12738.0,11879.0,12308.0,11736.0,12308.0,11736.0,12308.0,11736.0,9303.0,6154.0,0.89,0.83,0.89,0.83,0.86,0.82,0.86,0.82,0.86,0.82,0.65,0.43,0.000739006096697027,0.00048035396285306755,0.0003177726215797216,0.000657715426060354,0.0006133750602585323,0.0006355452431594432,0.0006059849992915621
3618,Austria,10/4/22,Pfizer/BioNTech,15744530,14957304.0,13540296.0,14957304.0,13540296.0,14957304.0,13225405.0,14957304.0,13225405.0,14957304.0,13225405.0,11336062.0,6927593.0,0.95,0.86,0.95,0.86,0.95,0.84,0.95,0.84,0.95,0.84,0.72,0.44,0.8129753814721381,0.5853422746599394,0.35770916784774076,0.7723266123985312,0.6991588280660388,0.7723266123985312,0.682899320436596
3619,Austria,10/4/22,Valneva,591,443.0,414.0,443.0,414.0,431.0,408.0,431.0,408.0,431.0,408.0,325.0,213.0,0.75,0.7,0.75,0.7,0.73,0.69,0.73,0.69,0.73,0.69,0.55,0.36,3.0516531801840615e-05,1.678409249101234e-05,1.098595144866262e-05,2.288739885138046e-05,2.136157226128843e-05,2.227706821534365e-05,2.1056406943270022e-05
3954,Belgium,8/19/22,Oxford/AstraZeneca,2848551,2677638.0,1794587.0,2677638.0,1794587.0,2677638.0,1965500.0,2677638.0,1965500.0,2677638.0,1965500.0,2022471.0,1025478.0,0.94,0.63,0.94,0.63,0.94,0.69,0.94,0.69,0.94,0.69,0.71,0.36,0.11007437006785036,0.07815280274817375,0.03962677322442613,0.10346990786377933,0.06934685314274572,0.10346990786377933,0.07595131534681673
3970,Belgium,9/16/22,Novavax,358,319.0,297.0,319.0,297.0,308.0,294.0,308.0,294.0,308.0,294.0,233.0,154.0,0.89,0.83,0.89,0.83,0.86,0.82,0.86,0.82,0.86,0.82,0.65,0.43,1.3833919239743443e-05,8.992047505833238e-06,5.948585273089681e-06,1.2312188123371664e-05,1.1482152968987057e-05,1.1897170546179362e-05,1.1343813776589624e-05
3975,Belgium,9/30/22,Johnson&Johnson,427982,368065.0,308147.0,368065.0,308147.0,325266.0,273908.0,325266.0,273908.0,325266.0,273908.0,243950.0,141234.0,0.86,0.72,0.86,0.72,0.76,0.64,0.76,0.64,0.76,0.64,0.57,0.33,0.016538179955485694,0.009426762574626844,0.005457599385310279,0.014222834761717696,0.0119074895679497,0.012569016766169127,0.010584435171510845
3976,Belgium,9/30/22,Moderna,4316874,4187368.0,3971524.0,4187368.0,3971524.0,4187368.0,3928355.0,4187368.0,3928355.0,4187368.0,3928355.0,3151318.0,2072100.0,0.97,0.92,0.97,0.92,0.97,0.91,0.97,0.91,0.97,0.91,0.73,0.48,0.1668136488384029,0.12177396365203412,0.0800705514424334,0.1618092393732508,0.15346855693133069,0.1618092393732508,0.15180042044294664
3977,Belgium,9/30/22,Pfizer/BioNTech,18284657,17370424.0,15724805.0,17370424.0,15724805.0,17370424.0,15359112.0,17370424.0,15359112.0,17370424.0,15359112.0,13164953.0,8045249.0,0.95,0.86,0.95,0.86,0.95,0.84,0.95,0.84,0.95,0.84,0.72,0.44,0.7065599672190214,0.5087231763976954,0.3108863855763694,0.6712319688580702,0.6076415718083583,0.6712319688580702,0.593510372463978
4213,Bulgaria,4/22/22,Oxford/AstraZeneca,478547,449834.0,301485.0,449834.0,301485.0,449834.0,330197.0,449834.0,330197.0,449834.0,330197.0,339768.0,172277.0,0.94,0.63,0.94,0.63,0.94,0.69,0.94,0.69,0.94,0.69,0.71,0.36,0.10519955725998006,0.07469168565458584,0.03787184061359282,0.09888758382438126,0.06627572107378744,0.09888758382438126,0.07258769450938624
4281,Bulgaria,9/30/22,Johnson&Johnson,527896,453991.0,380085.0,453991.0,380085.0,401201.0,337853.0,401201.0,337853.0,401201.0,337853.0,300901.0,174206.0,0.86,0.72,0.86,0.72,0.76,0.64,0.76,0.64,0.76,0.64,0.57,0.33,0.1160480067356277,0.06614736383930779,0.03829584222275714,0.09980128579263983,0.08355456484965194,0.08819648511907706,0.07427072431080173
4282,Bulgaria,9/30/22,Moderna,508459,493205.0,467782.0,493205.0,467782.0,493205.0,462698.0,493205.0,462698.0,493205.0,462698.0,371175.0,244060.0,0.97,0.92,0.97,0.92,0.97,0.91,0.97,0.91,0.97,0.91,0.73,0.48,0.11177514786395527,0.08159585794068734,0.053652070974698526,0.10842189342803661,0.10283313603483886,0.10842189342803661,0.1017153845561993
4283,Bulgaria,9/30/22,Pfizer/BioNTech,3034043,2882341.0,2609277.0,2882341.0,2609277.0,2882341.0,2548596.0,2882341.0,2548596.0,2882341.0,2548596.0,2184511.0,1334979.0,0.95,0.86,0.95,0.86,0.95,0.84,0.95,0.84,0.95,0.84,0.72,0.44,0.666977288140437,0.4802236474611146,0.2934700067817923,0.6336284237334151,0.5736004678007758,0.6336284237334151,0.5602609220379671
4534,Canada,9/11/22,Medicago,863,768.0,647.0,768.0,647.0,768.0,647.0,768.0,647.0,768.0,647.0,561.0,371.0,0.89,0.75,0.89,0.75,0.89,0.75,0.89,0.75,0.89,0.75,0.65,0.43,9.56856058823652e-06,6.219564382353738e-06,4.114481052941704e-06,8.516018923530504e-06,7.17642044117739e-06,8.516018923530504e-06,7.17642044117739e-06
4539,Canada,10/9/22,Johnson&Johnson,23263,20006.0,16749.0,20006.0,16749.0,17680.0,14888.0,17680.0,14888.0,17680.0,14888.0,13260.0,7677.0,0.86,0.72,0.86,0.72,0.76,0.64,0.76,0.64,0.76,0.64,0.57,0.33,0.0002579298087649434,0.00014701999099601775,8.511683689243133e-05,0.00022181963553785135,0.00018570946231075925,0.000196026654661357,0.00016507507760956378
4540,Canada,10/9/22,Moderna,26844916,26039569.0,24697323.0,26039569.0,24697323.0,26039569.0,24428874.0,26039569.0,24428874.0,26039569.0,24428874.0,19596789.0,12885560.0,0.97,0.92,0.97,0.92,0.97,0.91,0.97,0.91,0.97,0.91,0.73,0.48,0.2976445020070915,0.2172804864651768,0.14286936096340394,0.28871516694687877,0.27383294184652424,0.28871516694687877,0.2708564968264533
4541,Canada,10/9/22,Novavax,25478,22675.0,21147.0,22675.0,21147.0,21911.0,20892.0,21911.0,20892.0,21911.0,20892.0,16561.0,10956.0,0.89,0.83,0.89,0.83,0.86,0.82,0.86,0.82,0.86,0.82,0.65,0.43,0.00028248874468955976,0.00018361768404821384,0.0001214701602165107,0.00025141498277370816,0.00023446565809233459,0.0002429403204330214,0.00023164077064543898
4542,Canada,10/9/22,Oxford/AstraZeneca,2814445,2645578.0,1773100.0,2645578.0,1773100.0,2645578.0,1941967.0,2645578.0,1941967.0,2645578.0,1941967.0,1998256.0,1013200.0,0.94,0.63,0.94,0.63,0.94,0.69,0.94,0.69,0.94,0.69,0.71,0.36,0.031205315764495173,0.02215577419279157,0.011233913675218261,0.02933299681862546,0.01965934893163196,0.02933299681862546,0.021531667877501666
4543,Canada,10/9/22,Pfizer/BioNTech,60482239,57458127.0,52014726.0,57458127.0,52014726.0,57458127.0,50805081.0,57458127.0,50805081.0,57458127.0,50805081.0,43547212.0,26612185.0,0.95,0.86,0.95,0.86,0.95,0.84,0.95,0.84,0.95,0.84,0.72,0.44,0.6706001951143705,0.48283214048234674,0.295064085850323,0.637070185358652,0.5767161677983587,0.637070185358652,0.5633041638960712
5802,Chile,4/30/22,Oxford/AstraZeneca,549673,516693.0,346294.0,516693.0,346294.0,516693.0,379274.0,516693.0,379274.0,516693.0,379274.0,390268.0,197882.0,0.94,0.63,0.94,0.63,0.94,0.69,0.94,0.69,0.94,0.69,0.71,0.36,0.015904525567585374,0.011292213152985614,0.005725629204330734,0.014950254033530251,0.010019851107578786,0.014950254033530251,0.010974122641633907
6046,Chile,8/30/22,Pfizer/BioNTech,8067724,7664338.0,6938243.0,7664338.0,6938243.0,7664338.0,6776888.0,7664338.0,6776888.0,7664338.0,6776888.0,5808761.0,3549799.0,0.95,0.86,0.95,0.86,0.95,0.84,0.95,0.84,0.95,0.84,0.72,0.44,0.2334357383939581,0.16807373164364983,0.10271172489334156,0.22176395147426017,0.20075473501880395,0.22176395147426017,0.19608602025092478
6047,Chile,8/30/22,Sinovac,25943395,12971698.0,12193396.0,12971698.0,12193396.0,12712264.0,11933962.0,12712264.0,11933962.0,12712264.0,11933962.0,9599056.0,6226415.0,0.5,0.47,0.5,0.47,0.49,0.46,0.49,0.46,0.49,0.46,0.37,0.24,0.7506597360384565,0.2777441023342289,0.18015833664922956,0.37532986801922824,0.3528100759380745,0.3678232706588437,0.34530347857769
6425,Croatia,9/6/22,Novavax,1381,1229.0,1146.0,1229.0,1146.0,1188.0,1132.0,1188.0,1132.0,1188.0,1132.0,898.0,594.0,0.89,0.83,0.89,0.83,0.86,0.82,0.86,0.82,0.86,0.82,0.65,0.43,0.00026136497622260047,0.0001698872345446903,0.0001123869397757182,0.00023261482883811443,0.00021693293026475838,0.0002247738795514364,0.00021431928050253237
6445,Croatia,9/30/22,Oxford/AstraZeneca,568508,534398.0,358160.0,534398.0,358160.0,534398.0,392271.0,534398.0,392271.0,534398.0,392271.0,403641.0,204663.0,0.94,0.63,0.94,0.63,0.94,0.69,0.94,0.69,0.94,0.69,0.71,0.36,0.10759455459982487,0.07639213376587566,0.03873403965593695,0.10113888132383536,0.06778456939788967,0.10113888132383536,0.07424024267387914
6447,Croatia,10/4/22,Johnson&Johnson,204509,175878.0,147246.0,175878.0,147246.0,155427.0,130886.0,155427.0,130886.0,155427.0,130886.0,116570.0,67488.0,0.86,0.72,0.86,0.72,0.76,0.64,0.76,0.64,0.76,0.64,0.57,0.33,0.03870491667075148,0.022061802502328344,0.01277262250134799,0.033286228336846274,0.027867540002941064,0.029415736669771125,0.024771146669280947
6448,Croatia,10/4/22,Moderna,515480,500016.0,474242.0,500016.0,474242.0,500016.0,469087.0,500016.0,469087.0,500016.0,469087.0,376300.0,247430.0,0.97,0.92,0.97,0.92,0.97,0.91,0.97,0.91,0.97,0.91,0.73,0.48,0.09755859373151779,0.07121777342400798,0.04682812499112854,0.09463183591957225,0.08975390623299637,0.09463183591957225,0.0887783202956812
6449,Croatia,10/4/22,Pfizer/BioNTech,3993921,3794225.0,3434772.0,3794225.0,3434772.0,3794225.0,3354894.0,3794225.0,3354894.0,3794225.0,3354894.0,2875623.0,1757325.0,0.95,0.86,0.95,0.86,0.95,0.84,0.95,0.84,0.95,0.84,0.72,0.44,0.7558805700216833,0.5442340104156119,0.33258745080954066,0.7180865415205991,0.6500572902186477,0.7180865415205991,0.6349396788182139
6668,Cyprus,3/11/22,Oxford/AstraZeneca,254531,239259.0,160355.0,239259.0,160355.0,239259.0,175626.0,239259.0,175626.0,239259.0,175626.0,180717.0,91631.0,0.94,0.63,0.94,0.63,0.94,0.69,0.94,0.69,0.94,0.69,0.71,0.36,0.14590919305132627,0.10359552706644165,0.052527309498477455,0.13715464146824669,0.09192279162233555,0.13715464146824669,0.10067734320541512
6744,Cyprus,7/29/22,Moderna,197589,191661.0,181782.0,191661.0,181782.0,191661.0,179806.0,191661.0,179806.0,191661.0,179806.0,144240.0,94843.0,0.97,0.92,0.97,0.92,0.97,0.91,0.97,0.91,0.97,0.91,0.73,0.48,0.1132673487544484,0.08268516459074733,0.05436832740213523,0.10986932829181494,0.10420596085409253,0.10986932829181494,0.10307328736654804
6760,Cyprus,9/2/22,Novavax,895,797.0,743.0,797.0,743.0,770.0,734.0,770.0,734.0,770.0,734.0,582.0,385.0,0.89,0.83,0.89,0.83,0.86,0.82,0.86,0.82,0.86,0.82,0.65,0.43,0.0005130562791209598,0.00033348658142862386,0.0002206142000220127,0.0004566200884176542,0.00042583671167039657,0.0004412284000440254,0.000420706148879187
6765,Cyprus,9/16/22,Pfizer/BioNTech,1260468,1197445.0,1084002.0,1197445.0,1084002.0,1197445.0,1058793.0,1197445.0,1058793.0,1197445.0,1058793.0,907537.0,554606.0,0.95,0.86,0.95,0.86,0.95,0.84,0.95,0.84,0.95,0.84,0.72,0.44,0.7225598011519977,0.5202430568294383,0.31792631250687897,0.6864318110943978,0.621401428990718,0.6864318110943978,0.606950232967678
6768,Cyprus,9/30/22,Johnson&Johnson,30965,26630.0,22295.0,26630.0,22295.0,23533.0,19818.0,23533.0,19818.0,23533.0,19818.0,17650.0,10218.0,0.86,0.72,0.86,0.72,0.76,0.64,0.76,0.64,0.76,0.64,0.57,0.33,0.017750600763106725,0.010117842434970832,0.005857698251825219,0.015265516656271783,0.012780432549436841,0.013490456579961112,0.011360384488388305
8113,Czechia,11/17/21,Sinopharm/Beijing,38,28.0,26.0,28.0,26.0,27.0,25.0,27.0,25.0,27.0,25.0,20.0,13.0,0.73,0.68,0.73,0.68,0.71,0.67,0.71,0.67,0.71,0.67,0.53,0.35,2.0834324791333272e-06,1.1042192139406634e-06,7.292013676966645e-07,1.5209057097673288e-06,1.4167340858106626e-06,1.4792370601846622e-06,1.3958997610193294e-06
8233,Czechia,12/16/21,Covaxin,5,4.0,4.0,4.0,4.0,4.0,4.0,4.0,4.0,4.0,4.0,3.0,2.0,0.78,0.73,0.78,0.73,0.76,0.72,0.76,0.72,0.76,0.72,0.57,0.38,2.7413585251754304e-07,1.5625743593499953e-07,1.0417162395666635e-07,2.1382596496368357e-07,2.001191723378064e-07,2.083432479133327e-07,1.97377813812631e-07
8702,Czechia,4/20/22,Sinovac,252,126.0,118.0,126.0,118.0,123.0,116.0,123.0,116.0,123.0,116.0,93.0,60.0,0.5,0.47,0.5,0.47,0.49,0.46,0.49,0.46,0.49,0.46,0.37,0.24,1.381644696688417e-05,5.112085377747143e-06,3.3159472720522008e-06,6.908223483442085e-06,6.493730074435559e-06,6.770059013773243e-06,6.355565604766719e-06
9305,Czechia,9/27/22,Oxford/AstraZeneca,887557,834304.0,559161.0,834304.0,559161.0,834304.0,612414.0,834304.0,612414.0,834304.0,612414.0,630165.0,319521.0,0.94,0.63,0.94,0.63,0.94,0.69,0.94,0.69,0.94,0.69,0.71,0.36,0.04866223897058259,0.034550189669113635,0.017518406029409732,0.04574250463234763,0.030657210551467032,0.04574250463234763,0.03357694488970198
9371,Czechia,10/17/22,Johnson&Johnson,413842,355904.0,297966.0,355904.0,297966.0,314520.0,264859.0,314520.0,264859.0,314520.0,264859.0,235890.0,136568.0,0.86,0.72,0.86,0.72,0.76,0.64,0.76,0.64,0.76,0.64,0.57,0.33,0.02268978589551301,0.012933177960442415,0.007487629345519294,0.01951321587014119,0.01633664584476937,0.017244237280589887,0.014521462973128327
9372,Czechia,10/17/22,Moderna,1634751,1585708.0,1503971.0,1585708.0,1503971.0,1585708.0,1487623.0,1585708.0,1487623.0,1585708.0,1487623.0,1193368.0,784680.0,0.97,0.92,0.97,0.92,0.97,0.91,0.97,0.91,0.97,0.91,0.73,0.48,0.0896287718077812,0.06542900341968028,0.043021810467734976,0.08693990865354775,0.0824584700631587,0.08693990865354775,0.08156218234508089
9373,Czechia,10/17/22,Novavax,10468,9317.0,8688.0,9317.0,8688.0,9002.0,8584.0,9002.0,8584.0,9002.0,8584.0,6804.0,4501.0,0.89,0.83,0.89,0.83,0.86,0.82,0.86,0.82,0.86,0.82,0.65,0.43,0.0005739308208307281,0.0003730550335399733,0.00024679025295721305,0.000510798430539348,0.0004763625812895043,0.0004935805059144261,0.000470623273081197
9374,Czechia,10/17/22,Pfizer/BioNTech,15292219,14527608.0,13151308.0,14527608.0,13151308.0,14527608.0,12845464.0,14527608.0,12845464.0,14527608.0,12845464.0,11010398.0,6728576.0,0.95,0.86,0.95,0.86,0.95,0.84,0.95,0.84,0.95,0.84,0.72,0.44,0.8384290984899939,0.6036689509127956,0.36890880333559734,0.7965076435654942,0.7210490247013948,0.7965076435654942,0.7042804427315948
9715,Denmark,9/9/22,Oxford/AstraZeneca,155927,146571.0,98234.0,146571.0,98234.0,146571.0,107590.0,146571.0,107590.0,146571.0,107590.0,110708.0,56134.0,0.94,0.63,0.94,0.63,0.94,0.69,0.94,0.69,0.94,0.69,0.71,0.36,0.012761875983574651,0.009060931948338001,0.0045942753540868745,0.01199616342456017,0.00803998186965203,0.01199616342456017,0.008805694428666508
9723,Denmark,9/30/22,Johnson&Johnson,46411,39913.0,33416.0,39913.0,33416.0,35272.0,29703.0,35272.0,29703.0,35272.0,29703.0,26454.0,15316.0,0.86,0.72,0.86,0.72,0.76,0.64,0.76,0.64,0.76,0.64,0.57,0.33,0.003798517423369161,0.0021651549313204217,0.0012535107497118232,0.0032667249840974784,0.002734932544825796,0.0028868732417605624,0.002431051150956263
9724,Denmark,9/30/22,Moderna,1720577,1668960.0,1582931.0,1668960.0,1582931.0,1668960.0,1565725.0,1668960.0,1565725.0,1668960.0,1565725.0,1256021.0,825877.0,0.97,0.92,0.97,0.92,0.97,0.91,0.97,0.91,0.97,0.91,0.73,0.48,0.14082096297748897,0.10279930297356694,0.0675940622291947,0.1365963340881643,0.12955528593928986,0.1365963340881643,0.12814707630951497
9725,Denmark,9/30/22,Pfizer/BioNTech,10295273,9780509.0,8853935.0,9780509.0,8853935.0,9780509.0,8648029.0,9780509.0,8648029.0,9780509.0,8648029.0,7412597.0,4529920.0,0.95,0.86,0.95,0.86,0.95,0.84,0.95,0.84,0.95,0.84,0.72,0.44,0.8426186436155673,0.6066854234032084,0.3707522031908496,0.8004877114347889,0.7246520335093878,0.8004877114347889,0.7077996606370764
10901,Ecuador,1/28/22,CanSino,536882,354342.0,332867.0,354342.0,332867.0,343604.0,327498.0,343604.0,327498.0,343604.0,327498.0,257703.0,171802.0,0.66,0.62,0.66,0.62,0.64,0.61,0.64,0.61,0.64,0.61,0.48,0.32,0.017948920853905162,0.008615482009874477,0.005743654673249652,0.011846287763577407,0.0111283309294212,0.011487309346499304,0.010948841720882148
10902,Ecuador,1/28/22,Oxford/AstraZeneca,5009163,4708613.0,3155773.0,4708613.0,3155773.0,4708613.0,3456322.0,4708613.0,3456322.0,4708613.0,3456322.0,3556506.0,1803299.0,0.94,0.63,0.94,0.63,0.94,0.69,0.94,0.69,0.94,0.69,0.71,0.36,0.1674652348771427,0.11890031676277132,0.060287484555771376,0.15741732078451415,0.10550309797259991,0.15741732078451415,0.11555101206522846
10903,Ecuador,1/28/22,Pfizer/BioNTech,8552679,8125045.0,7355304.0,8125045.0,7355304.0,8125045.0,7184250.0,8125045.0,7184250.0,8125045.0,7184250.0,6157929.0,3763179.0,0.95,0.86,0.95,0.86,0.95,0.84,0.95,0.84,0.95,0.84,0.72,0.44,0.28593128184565086,0.20587052292886862,0.12580976401208638,0.2716347177533683,0.24590090238725973,0.2716347177533683,0.24018227675034673
10904,Ecuador,1/28/22,Sinovac,15812935,7906468.0,7432079.0,7906468.0,7432079.0,7748338.0,7273950.0,7748338.0,7273950.0,7748338.0,7273950.0,5850786.0,3795104.0,0.5,0.47,0.5,0.47,0.49,0.46,0.49,0.46,0.49,0.46,0.37,0.24,0.5286545624233012,0.19560218809662144,0.12687709498159228,0.2643272812116506,0.24846764433895155,0.2590407355874176,0.24318109871471857
11224,Estonia,8/12/22,Oxford/AstraZeneca,238907,224573.0,150511.0,224573.0,150511.0,224573.0,164846.0,224573.0,164846.0,224573.0,164846.0,169624.0,86007.0,0.94,0.63,0.94,0.63,0.94,0.69,0.94,0.69,0.94,0.69,0.71,0.36,0.11220568592346003,0.07966603700565662,0.04039404693244561,0.10547334476805242,0.07068958213177982,0.10547334476805242,0.07742192328718742
11243,Estonia,9/16/22,Pfizer/BioNTech,1570263,1491750.0,1350426.0,1491750.0,1350426.0,1491750.0,1319021.0,1491750.0,1319021.0,1491750.0,1319021.0,1130589.0,690916.0,0.95,0.86,0.95,0.86,0.95,0.84,0.95,0.84,0.95,0.84,0.72,0.44,0.7374938239366369,0.5309955532343785,0.32449728253212023,0.700619132739805,0.6342446885855078,0.700619132739805,0.6194948121067749
11245,Estonia,9/23/22,Moderna,238969,231800.0,219851.0,231800.0,219851.0,231800.0,217462.0,231800.0,217462.0,231800.0,217462.0,174447.0,114705.0,0.97,0.92,0.97,0.92,0.97,0.91,0.97,0.91,0.97,0.91,0.73,0.48,0.11223480500547627,0.08193140765399767,0.0538727064026286,0.10886776085531197,0.10325602060503816,0.10886776085531197,0.1021336725549834
11248,Estonia,9/30/22,Johnson&Johnson,78953,67900.0,56846.0,67900.0,56846.0,60004.0,50530.0,60004.0,50530.0,60004.0,50530.0,45003.0,26054.0,0.86,0.72,0.86,0.72,0.76,0.64,0.76,0.64,0.76,0.64,0.57,0.33,0.03708127229723256,0.02113632520942256,0.012236819858086747,0.03188989417562001,0.026698516054007446,0.028181766945896747,0.023732014270228842
11250,Estonia,9/30/22,Novavax,2096,1865.0,1740.0,1865.0,1740.0,1803.0,1719.0,1803.0,1719.0,1803.0,1719.0,1362.0,901.0,0.89,0.83,0.89,0.83,0.86,0.82,0.86,0.82,0.86,0.82,0.65,0.43,0.0009844128371942732,0.0006398683441762776,0.00042329751999353743,0.0008761274251029032,0.0008170626548712467,0.0008465950399870749,0.000807218526499304
11482,Finland,8/19/22,Oxford/AstraZeneca,553783,520556.0,348883.0,520556.0,348883.0,520556.0,382110.0,520556.0,382110.0,520556.0,382110.0,393186.0,199362.0,0.94,0.63,0.94,0.63,0.94,0.69,0.94,0.69,0.94,0.69,0.71,0.36,0.042994796755617695,0.03052630569648856,0.01547812683202237,0.04041510895028063,0.027086721956039148,0.04041510895028063,0.029666409761376206
11496,Finland,9/30/22,Moderna,2064650,2002710.0,1899478.0,2002710.0,1899478.0,2002710.0,1878832.0,2002710.0,1878832.0,2002710.0,1878832.0,1507194.0,991032.0,0.97,0.92,0.97,0.92,0.97,0.91,0.97,0.91,0.97,0.91,0.73,0.48,0.16029601327864176,0.11701608969340849,0.07694208637374804,0.1554871328802825,0.14747233221635042,0.1554871328802825,0.14586937208356401
11498,Finland,10/4/22,Pfizer/BioNTech,10261800,9748710.0,8825148.0,9748710.0,8825148.0,9748710.0,8619912.0,9748710.0,8619912.0,9748710.0,8619912.0,7388496.0,4515192.0,0.95,0.86,0.95,0.86,0.95,0.84,0.95,0.84,0.95,0.84,0.72,0.44,0.7967091899657405,0.5736306167753331,0.3505520435849258,0.7568737304674534,0.6851699033705368,0.7568737304674534,0.669235719571222
13507,France,6/29/22,Oxford/AstraZeneca,7861940,7390224.0,4953022.0,7390224.0,4953022.0,7390224.0,5424739.0,7390224.0,5424739.0,7390224.0,5424739.0,5581977.0,2830298.0,0.94,0.63,0.94,0.63,0.94,0.69,0.94,0.69,0.94,0.69,0.71,0.36,0.05234321461415063,0.03716368237604695,0.018843557261094226,0.04920262173730159,0.0329762252069149,0.04920262173730159,0.036116818083763935
13912,France,10/13/22,Johnson&Johnson,1089709,937150.0,784590.0,937150.0,784590.0,828179.0,697414.0,828179.0,697414.0,828179.0,697414.0,621134.0,359604.0,0.86,0.72,0.86,0.72,0.76,0.64,0.76,0.64,0.76,0.64,0.57,0.33,0.00725506326097267,0.004135386058754421,0.002394170876120981,0.0062393544044364955,0.005223645547900322,0.005513848078339229,0.004643240487022509
13922,France,10/16/22,Moderna,23938199,23220053.0,22023143.0,23220053.0,22023143.0,23220053.0,21783761.0,23220053.0,21783761.0,23220053.0,21783761.0,17474885.0,11490336.0,0.97,0.92,0.97,0.92,0.97,0.91,0.97,0.91,0.97,0.91,0.73,0.48,0.1593757123220536,0.11634426999509913,0.07650034191458573,0.154594440952392,0.14662565533628932,0.154594440952392,0.14503189821306878
13923,France,10/16/22,Novavax,33265,29606.0,27610.0,29606.0,27610.0,28608.0,27277.0,28608.0,27277.0,28608.0,27277.0,21622.0,14304.0,0.89,0.83,0.89,0.83,0.86,0.82,0.86,0.82,0.86,0.82,0.65,0.43,0.00022147167672860907,0.0001439565898735959,9.52328209933019e-05,0.00019710979228846208,0.00018382149168474552,0.0001904656419866038,0.00018160677491745942
13924,France,10/16/22,Pfizer/BioNTech,117276680,111412846.0,100857945.0,111412846.0,100857945.0,111412846.0,98512411.0,111412846.0,98512411.0,111412846.0,98512411.0,84439210.0,51601739.0,0.95,0.86,0.95,0.86,0.95,0.84,0.95,0.84,0.95,0.84,0.72,0.44,0.7808045381260945,0.5621792674507881,0.3435539967754816,0.7417643112197898,0.6714919027884413,0.7417643112197898,0.6558758120259194
16672,Germany,10/17/22,Johnson&Johnson,3752229,3226917.0,2701605.0,3226917.0,2701605.0,2851694.0,2401427.0,2851694.0,2401427.0,2851694.0,2401427.0,2138771.0,1238236.0,0.86,0.72,0.86,0.72,0.76,0.64,0.76,0.64,0.76,0.64,0.57,0.33,0.020186039041537776,0.011506042253676532,0.006661392883707466,0.017359993575722488,0.014533948109907198,0.01534138967156871,0.012919064986584176
16673,Germany,10/17/22,Moderna,31547790,30601356.0,29023967.0,30601356.0,29023967.0,30601356.0,28708489.0,30601356.0,28708489.0,30601356.0,28708489.0,23029887.0,15142939.0,0.97,0.92,0.97,0.92,0.97,0.91,0.97,0.91,0.97,0.91,0.73,0.48,0.16971909779873112,0.12389494139307372,0.08146516694339094,0.16462752486476917,0.15614156997483264,0.16462752486476917,0.15444437899684532
16674,Germany,10/17/22,Novavax,149641,133180.0,124202.0,133180.0,124202.0,128691.0,122706.0,128691.0,122706.0,128691.0,122706.0,97267.0,64346.0,0.89,0.83,0.89,0.83,0.86,0.82,0.86,0.82,0.86,0.82,0.65,0.43,0.000805030574683676,0.0005232698735443894,0.00034616314711398064,0.0007164772114684716,0.000668175376987451,0.0006923262942279613,0.0006601250712406142
16675,Germany,10/17/22,Oxford/AstraZeneca,12797173,12029343.0,8062219.0,12029343.0,8062219.0,12029343.0,8830049.0,12029343.0,8830049.0,12029343.0,8830049.0,9085993.0,4606982.0,0.94,0.63,0.94,0.63,0.94,0.69,0.94,0.69,0.94,0.69,0.71,0.36,0.06884554055717632,0.048880333795595185,0.024784394600583473,0.06471480812374573,0.04337269055102108,0.06471480812374573,0.047503422984451656
16676,Germany,10/17/22,Pfizer/BioNTech,137634027,130752326.0,118365263.0,130752326.0,118365263.0,130752326.0,115612583.0,130752326.0,115612583.0,130752326.0,115612583.0,99096499.0,60558972.0,0.95,0.86,0.95,0.86,0.95,0.84,0.95,0.84,0.95,0.84,0.72,0.44,0.7404361094341696,0.5331139987926021,0.3257918881510346,0.7034143039624611,0.6367750541133859,0.7034143039624611,0.6219663319247024
16677,Germany,10/17/22,Valneva,1521,1141.0,1065.0,1141.0,1065.0,1110.0,1049.0,1110.0,1049.0,1110.0,1049.0,837.0,548.0,0.75,0.7,0.75,0.7,0.73,0.69,0.73,0.69,0.73,0.69,0.55,0.36,8.182593701551521e-06,4.500426535853337e-06,2.9457337325585475e-06,6.136945276163641e-06,5.727815591086064e-06,5.97329340213261e-06,5.645989654070549e-06
17855,Hong Kong,10/16/22,Pfizer/BioNTech,11206025,10645724.0,9637182.0,10645724.0,9637182.0,10645724.0,9413061.0,10645724.0,9413061.0,10645724.0,9413061.0,8068338.0,4930651.0,0.95,0.86,0.95,0.86,0.95,0.84,0.95,0.84,0.95,0.84,0.72,0.44,0.5690053822325495,0.4096838752074356,0.25036236818232177,0.540555113120922,0.48934462871999257,0.540555113120922,0.47796452107534154
17856,Hong Kong,10/16/22,Sinovac,8488033,4244016.0,3989376.0,4244016.0,3989376.0,4159136.0,3904495.0,4159136.0,3904495.0,4159136.0,3904495.0,3140572.0,2037128.0,0.5,0.47,0.5,0.47,0.49,0.46,0.49,0.46,0.49,0.46,0.37,0.24,0.43099461776745046,0.15946800857395668,0.1034387082641881,0.21549730888372523,0.20256747035070172,0.21118736270605074,0.19825752417302722
18102,Hungary,11/19/21,Sputnik V,1807392,1662801.0,1554357.0,1662801.0,1554357.0,1608579.0,1536283.0,1608579.0,1536283.0,1608579.0,1536283.0,1210953.0,795252.0,0.92,0.86,0.92,0.86,0.89,0.85,0.89,0.85,0.89,0.85,0.67,0.44,0.10967231050131887,0.07348044803588365,0.0482558166205803,0.10089852566121336,0.09431818703113423,0.09760835634617379,0.09322146392612103
18215,Hungary,4/29/22,Oxford/AstraZeneca,1252501,1177351.0,789076.0,1177351.0,789076.0,1177351.0,864226.0,1177351.0,864226.0,1177351.0,864226.0,889276.0,450900.0,0.94,0.63,0.94,0.63,0.94,0.69,0.94,0.69,0.94,0.69,0.71,0.36,0.07600159709416242,0.05396113393685532,0.02736057495389847,0.07144150126851267,0.047881006169322324,0.07144150126851267,0.05244110199497207
18302,Hungary,9/30/22,Johnson&Johnson,342568,294608.0,246649.0,294608.0,246649.0,260352.0,219244.0,260352.0,219244.0,260352.0,219244.0,195264.0,113047.0,0.86,0.72,0.86,0.72,0.76,0.64,0.76,0.64,0.76,0.64,0.57,0.33,0.020786981498101025,0.011848579453917584,0.006859703894373338,0.017876804088366883,0.014966626678632737,0.01579810593855678,0.013303668158784657
18303,Hungary,9/30/22,Moderna,1079027,1046656.0,992705.0,1046656.0,992705.0,1046656.0,981915.0,1046656.0,981915.0,1046656.0,981915.0,787690.0,517933.0,0.97,0.92,0.97,0.92,0.97,0.91,0.97,0.91,0.97,0.91,0.73,0.48,0.065475217431142,0.04779690872473366,0.03142810436694816,0.06351096090820774,0.06023720003665064,0.06351096090820774,0.059582447862339225
18304,Hungary,9/30/22,Pfizer/BioNTech,9684650,9200418.0,8328799.0,9200418.0,8328799.0,9200418.0,8135106.0,9200418.0,8135106.0,9200418.0,8135106.0,6972948.0,4261246.0,0.95,0.86,0.95,0.86,0.95,0.84,0.95,0.84,0.95,0.84,0.72,0.44,0.5876632971135193,0.4231175739217339,0.2585718507299485,0.5582801322578433,0.5053904355176265,0.5582801322578433,0.4936371695753562
18305,Hungary,9/30/22,Sinopharm/Beijing,2313792,1689068.0,1573379.0,1689068.0,1573379.0,1642792.0,1550241.0,1642792.0,1550241.0,1642792.0,1550241.0,1226310.0,809827.0,0.73,0.68,0.73,0.68,0.71,0.67,0.71,0.67,0.71,0.67,0.53,0.35,0.1404005963617564,0.07441231607173089,0.04914020872661473,0.10249243534408216,0.09547240552599436,0.09968442341684704,0.09406839956237678
18319,Iceland,1/5/22,Oxford/AstraZeneca,1,1.0,1.0,1.0,1.0,1.0,1.0,1.0,1.0,1.0,1.0,1.0,0.0,0.94,0.63,0.94,0.63,0.94,0.69,0.94,0.69,0.94,0.69,0.71,0.36,1.2028338766133009e-05,8.540120523954437e-06,4.330201955807883e-06,1.1306638440165028e-05,7.577853422663796e-06,1.1306638440165028e-05,8.299553748631775e-06
18431,Iceland,2/25/22,Moderna,6493,6298.0,5974.0,6298.0,5974.0,6298.0,5909.0,6298.0,5909.0,6298.0,5909.0,4740.0,3117.0,0.97,0.92,0.97,0.92,0.97,0.91,0.97,0.91,0.97,0.91,0.73,0.48,0.07810000360850163,0.05701300263420619,0.03748800173208078,0.07575700350024657,0.0718520033198215,0.07575700350024657,0.07107100328373649
18453,Iceland,3/24/22,Johnson&Johnson,85,73.0,61.0,73.0,61.0,65.0,54.0,65.0,54.0,65.0,54.0,48.0,28.0,0.86,0.72,0.86,0.72,0.76,0.64,0.76,0.64,0.76,0.64,0.57,0.33,0.0010224087951213059,0.0005827730132191443,0.00033739490239003095,0.000879271563804323,0.0007361343324873402,0.0007770306842921924,0.0006543416288776357
18456,Iceland,3/28/22,Pfizer/BioNTech,76558,72730.0,65840.0,72730.0,65840.0,72730.0,64309.0,72730.0,64309.0,72730.0,64309.0,55122.0,33686.0,0.95,0.86,0.95,0.86,0.95,0.84,0.95,0.84,0.95,0.84,0.72,0.44,0.9208655592576109,0.6630232026654799,0.4051808460733488,0.8748222812947304,0.7919443809615454,0.8748222812947304,0.7735270697763932
18790,Ireland,9/6/22,Oxford/AstraZeneca,1190578,1119143.0,750064.0,1119143.0,750064.0,1119143.0,821499.0,1119143.0,821499.0,1119143.0,821499.0,845310.0,428608.0,0.94,0.63,0.94,0.63,0.94,0.69,0.94,0.69,0.94,0.69,0.71,0.36,0.10204751940061531,0.07245373877443687,0.03673710698422151,0.09592466823657839,0.06428993722238764,0.09592466823657839,0.07041278838642456
18805,Ireland,9/30/22,Johnson&Johnson,236738,203595.0,170451.0,203595.0,170451.0,179921.0,151512.0,179921.0,151512.0,179921.0,151512.0,134941.0,78124.0,0.86,0.72,0.86,0.72,0.76,0.64,0.76,0.64,0.76,0.64,0.57,0.33,0.02029142622143435,0.01156611294621758,0.006696170653073336,0.017450626550433543,0.014609826879432733,0.015421483928290108,0.012986512781717986
18807,Ireland,9/30/22,Novavax,521,464.0,432.0,464.0,432.0,448.0,427.0,448.0,427.0,448.0,427.0,339.0,224.0,0.89,0.83,0.89,0.83,0.86,0.82,0.86,0.82,0.86,0.82,0.65,0.43,4.465625738735352e-05,2.9026567301779788e-05,1.9202190676562013e-05,3.974406907474463e-05,3.706469363150342e-05,3.840438135312403e-05,3.6618131057629885e-05
18809,Ireland,10/4/22,Moderna,1569053,1521981.0,1443529.0,1521981.0,1443529.0,1521981.0,1427838.0,1521981.0,1427838.0,1521981.0,1427838.0,1145409.0,753145.0,0.97,0.92,0.97,0.92,0.97,0.91,0.97,0.91,0.97,0.91,0.73,0.48,0.13448759044606373,0.09817594102562652,0.06455404341411058,0.1304529627326818,0.12372858321037863,0.1304529627326818,0.122383707305918
18810,Ireland,10/4/22,Pfizer/BioNTech,8670008,8236508.0,7456207.0,8236508.0,7456207.0,8236508.0,7282807.0,8236508.0,7282807.0,8236508.0,7282807.0,6242406.0,3814804.0,0.95,0.86,0.95,0.86,0.95,0.84,0.95,0.84,0.95,0.84,0.72,0.44,0.7431288076744993,0.5350527415256394,0.3269766753767797,0.7059723672907743,0.6390907746000694,0.7059723672907743,0.6242281984465794
20787,Italy,7/12/22,Oxford/AstraZeneca,12167276,11437239.0,7665384.0,11437239.0,7665384.0,11437239.0,8395420.0,11437239.0,8395420.0,11437239.0,8395420.0,8638766.0,4380219.0,0.94,0.63,0.94,0.63,0.94,0.69,0.94,0.69,0.94,0.69,0.71,0.36,0.0861092668334154,0.061137579451724926,0.030999336060029543,0.08094271082341047,0.0542488381050517,0.08094271082341047,0.05941539411505662
20970,Italy,9/14/22,Johnson&Johnson,1508187,1297041.0,1085895.0,1297041.0,1085895.0,1146222.0,965240.0,1146222.0,965240.0,1146222.0,965240.0,859667.0,497702.0,0.86,0.72,0.86,0.72,0.76,0.64,0.76,0.64,0.76,0.64,0.57,0.33,0.01067361970071923,0.00608396322940996,0.003522294501237346,0.009179312942618537,0.007685006184517845,0.008111950972546614,0.006831116608460307
21014,Italy,9/30/22,Novavax,42934,38211.0,35635.0,38211.0,35635.0,36923.0,35206.0,36923.0,35206.0,36923.0,35206.0,27907.0,18462.0,0.89,0.83,0.89,0.83,0.86,0.82,0.86,0.82,0.86,0.82,0.65,0.43,0.00030384905070172296,0.00019750188295611994,0.00013065509180174088,0.0002704256551245334,0.00025219471208243004,0.00026131018360348176,0.0002491562215754128
21047,Italy,10/17/22,Moderna,34243286,33215987.0,31503823.0,33215987.0,31503823.0,33215987.0,31161390.0,33215987.0,31161390.0,33215987.0,31161390.0,24997599.0,16436777.0,0.97,0.92,0.97,0.92,0.97,0.91,0.97,0.91,0.97,0.91,0.73,0.48,0.24234382876059998,0.176910994995238,0.11632503780508799,0.23507351389778197,0.222956322459752,0.23507351389778197,0.220532884172146
21048,Italy,10/17/22,Pfizer/BioNTech,93338742,88671805.0,80271318.0,88671805.0,80271318.0,88671805.0,78404543.0,88671805.0,78404543.0,88671805.0,78404543.0,67203894.0,41069046.0,0.95,0.86,0.95,0.86,0.95,0.84,0.95,0.84,0.95,0.84,0.72,0.44,0.6605694356545637,0.47560999367128587,0.290650551688008,0.6275409638718356,0.5680897146629248,0.6275409638718356,0.5548783259498336
22577,Japan,9/30/22,Oxford/AstraZeneca,117834,110764.0,74235.0,110764.0,74235.0,110764.0,81305.0,110764.0,81305.0,110764.0,81305.0,83662.0,42420.0,0.94,0.63,0.94,0.63,0.94,0.69,0.94,0.69,0.94,0.69,0.71,0.36,0.0003598440586574216,0.0002554892816467693,0.00012954386111667176,0.0003382534151379763,0.0002267017569541756,0.0003382534151379763,0.0002482924004736209
22627,Japan,10/17/22,Moderna,79174092,76798869.0,72840165.0,76798869.0,72840165.0,76798869.0,72048424.0,76798869.0,72048424.0,76798869.0,72048424.0,57797087.0,38003564.0,0.97,0.92,0.97,0.92,0.97,0.91,0.97,0.91,0.97,0.91,0.73,0.48,0.24178358203740938,0.17650201488730885,0.1160561193779565,0.23453007457628708,0.22244089547441664,0.23453007457628708,0.22002305965404254
22628,Japan,10/17/22,Novavax,225129,200365.0,186857.0,200365.0,186857.0,193611.0,184606.0,193611.0,184606.0,193611.0,184606.0,146334.0,96805.0,0.89,0.83,0.89,0.83,0.86,0.82,0.86,0.82,0.86,0.82,0.65,0.43,0.0006875038875153748,0.0004468775268849936,0.00029562667163161117,0.0006118784598886836,0.0005706282266377611,0.0005912533432632223,0.0005637531877626073
22629,Japan,10/17/22,Pfizer/BioNTech,247941457,235544384.0,213229653.0,235544384.0,213229653.0,235544384.0,208270824.0,235544384.0,208270824.0,235544384.0,208270824.0,178517849.0,109094241.0,0.95,0.86,0.95,0.86,0.95,0.84,0.95,0.84,0.95,0.84,0.72,0.44,0.7571690700164179,0.5451617304118208,0.33315439080722387,0.7193106165155969,0.6511654002141194,0.7193106165155969,0.636022018813791
23136,Latvia,5/23/21,Sinovac,9,4.0,4.0,4.0,4.0,4.0,4.0,4.0,4.0,4.0,4.0,3.0,2.0,0.5,0.47,0.5,0.47,0.49,0.46,0.49,0.46,0.49,0.46,0.37,0.24,3.1075706290378994e-06,1.1498011327440228e-06,7.458169509690958e-07,1.5537853145189497e-06,1.4605581956478126e-06,1.5227096082285707e-06,1.4294824893574339e-06
23516,Latvia,8/24/21,Sinopharm/Beijing,27,20.0,18.0,20.0,18.0,19.0,18.0,19.0,18.0,19.0,18.0,14.0,9.0,0.73,0.68,0.73,0.68,0.71,0.67,0.71,0.67,0.71,0.67,0.53,0.35,9.322711887113699e-06,4.94103730017026e-06,3.2629491604897944e-06,6.8055796775930005e-06,6.3394440832373155e-06,6.619125439850726e-06,6.246216964366179e-06
24255,Latvia,3/16/22,Oxford/AstraZeneca,262043,246320.0,165087.0,246320.0,165087.0,246320.0,180810.0,246320.0,180810.0,246320.0,180810.0,186051.0,94335.0,0.94,0.63,0.94,0.63,0.94,0.69,0.94,0.69,0.94,0.69,0.71,0.36,0.09047968114944203,0.06424057361610384,0.03257268521379913,0.0850509002804755,0.05700219912414848,0.0850509002804755,0.062430979993115
24632,Latvia,7/11/22,Johnson&Johnson,293843,252705.0,211567.0,252705.0,211567.0,223321.0,188060.0,223321.0,188060.0,223321.0,188060.0,167491.0,96968.0,0.86,0.72,0.86,0.72,0.76,0.64,0.76,0.64,0.76,0.64,0.57,0.33,0.10145976403870928,0.05783206550206429,0.03348172213277406,0.08725539707328998,0.07305103010787067,0.07710942066941906,0.06493424898477394
24633,Latvia,7/11/22,Moderna,715409,693947.0,658176.0,693947.0,658176.0,693947.0,651022.0,693947.0,651022.0,693947.0,651022.0,522249.0,343396.0,0.97,0.92,0.97,0.92,0.97,0.91,0.97,0.91,0.97,0.91,0.73,0.48,0.2470204440165972,0.18032492413211595,0.11856981312796665,0.23960983069609929,0.22725880849526944,0.23960983069609929,0.22478860405510345
24634,Latvia,7/11/22,Novavax,438,390.0,364.0,390.0,364.0,377.0,359.0,377.0,359.0,377.0,359.0,285.0,188.0,0.89,0.83,0.89,0.83,0.86,0.82,0.86,0.82,0.86,0.82,0.65,0.43,0.00015123510394651112,9.830281756523222e-05,6.503109469699978e-05,0.0001345992425123949,0.00012552513627560422,0.00013006218939399955,0.0001240127852361391
24635,Latvia,7/11/22,Pfizer/BioNTech,1624384,1543165.0,1396970.0,1543165.0,1396970.0,1543165.0,1364483.0,1543165.0,1364483.0,1543165.0,1364483.0,1169556.0,714729.0,0.95,0.86,0.95,0.86,0.95,0.84,0.95,0.84,0.95,0.84,0.72,0.44,0.5608764454087888,0.4038310406943279,0.24678563597986705,0.5328326231383493,0.48235374305155837,0.5328326231383493,0.4711362141433826
24787,Liechtenstein,6/17/22,Johnson&Johnson,264,227.0,190.0,227.0,190.0,201.0,169.0,201.0,169.0,201.0,169.0,150.0,87.0,0.86,0.72,0.86,0.72,0.76,0.64,0.76,0.64,0.76,0.64,0.57,0.33,0.003852046399649814,0.0021956664478003938,0.0012711753118844387,0.00331275990369884,0.002773473407747866,0.0029275552637338586,0.002465309695775881
24809,Liechtenstein,9/16/22,Novavax,1,1.0,1.0,1.0,1.0,1.0,1.0,1.0,1.0,1.0,1.0,1.0,0.0,0.89,0.83,0.89,0.83,0.86,0.82,0.86,0.82,0.86,0.82,0.65,0.43,1.4591084847158386e-05,9.484205150652951e-06,6.2741664842781055e-06,1.2986065513970963e-05,1.2110600423141459e-05,1.2548332968556211e-05,1.1964689574669875e-05
24811,Liechtenstein,9/30/22,Moderna,46587,45189.0,42860.0,45189.0,42860.0,45189.0,42394.0,45189.0,42394.0,45189.0,42394.0,34009.0,22362.0,0.97,0.92,0.97,0.92,0.97,0.91,0.97,0.91,0.97,0.91,0.73,0.48,0.6797548697745678,0.49622105493543445,0.32628233749179253,0.6593622236813307,0.6253744801926023,0.6593622236813307,0.6185769314948567
24812,Liechtenstein,9/30/22,Pfizer/BioNTech,21683,20599.0,18647.0,20599.0,18647.0,20599.0,18214.0,20599.0,18214.0,20599.0,18214.0,15612.0,9541.0,0.95,0.86,0.95,0.86,0.95,0.84,0.95,0.84,0.95,0.84,0.72,0.44,0.31637849274093527,0.2277925147734734,0.13920653680601153,0.3005595681038885,0.2720855037572043,0.3005595681038885,0.2657579339023856
25059,Lithuania,4/29/22,Oxford/AstraZeneca,536495,504305.0,337992.0,504305.0,337992.0,504305.0,370182.0,504305.0,370182.0,504305.0,370182.0,380911.0,193138.0,0.94,0.63,0.94,0.63,0.94,0.69,0.94,0.69,0.94,0.69,0.71,0.36,0.11952150850248068,0.08486027103676128,0.04302774306089304,0.11235021799233183,0.07529855035656283,0.11235021799233183,0.08246984086671166
25124,Lithuania,9/30/22,Johnson&Johnson,295798,254386.0,212975.0,254386.0,212975.0,224806.0,189311.0,224806.0,189311.0,224806.0,189311.0,168605.0,97613.0,0.86,0.72,0.86,0.72,0.76,0.64,0.76,0.64,0.76,0.64,0.57,0.33,0.06589851382029055,0.03756215287756561,0.021746509560695883,0.05667272188544987,0.047446929950609194,0.05008287050342082,0.042175048844985956
25125,Lithuania,9/30/22,Moderna,329370,319489.0,303020.0,319489.0,303020.0,319489.0,299727.0,319489.0,299727.0,319489.0,299727.0,240440.0,158098.0,0.97,0.92,0.97,0.92,0.97,0.91,0.97,0.91,0.97,0.91,0.73,0.48,0.0733777560936487,0.05356576194836355,0.03522132292495138,0.07117642341083924,0.06750753560615681,0.07117642341083924,0.06677375804522032
25126,Lithuania,9/30/22,Pfizer/BioNTech,3327027,3160676.0,2861243.0,3160676.0,2861243.0,3160676.0,2794703.0,3160676.0,2794703.0,3160676.0,2794703.0,2395459.0,1463892.0,0.95,0.86,0.95,0.86,0.95,0.84,0.95,0.84,0.95,0.84,0.72,0.44,0.7412022215835801,0.5336655995401777,0.3261289774967752,0.704142110504401,0.6374339105618788,0.704142110504401,0.6226098661302072
25297,Luxembourg,12/3/21,Oxford/AstraZeneca,105101,98795.0,66214.0,98795.0,66214.0,98795.0,72520.0,98795.0,72520.0,98795.0,72520.0,74622.0,37836.0,0.94,0.63,0.94,0.63,0.94,0.69,0.94,0.69,0.94,0.69,0.71,0.36,0.08702935453152817,0.061790841717385,0.03133056763135014,0.08180759325963648,0.05482849335486275,0.08180759325963648,0.06005025462675444
25412,Luxembourg,7/12/22,Johnson&Johnson,41517,35705.0,29892.0,35705.0,29892.0,31553.0,26571.0,31553.0,26571.0,31553.0,26571.0,23665.0,13701.0,0.86,0.72,0.86,0.72,0.76,0.64,0.76,0.64,0.76,0.64,0.57,0.33,0.034378338094646625,0.019595652713948575,0.011344851571233387,0.029565370761396096,0.02475240342814557,0.026127536951931436,0.022002136380573842
25457,Luxembourg,9/20/22,Moderna,339447,329264.0,312291.0,329264.0,312291.0,329264.0,308897.0,329264.0,308897.0,329264.0,308897.0,247796.0,162935.0,0.97,0.92,0.97,0.92,0.97,0.91,0.97,0.91,0.97,0.91,0.73,0.48,0.2810806111042107,0.2051888461060738,0.13491869333002113,0.2726481927710844,0.25859416221587384,0.2726481927710844,0.2557833561048317
25458,Luxembourg,9/20/22,Pfizer/BioNTech,721102,685047.0,620148.0,685047.0,620148.0,685047.0,605726.0,685047.0,605726.0,685047.0,605726.0,519193.0,317285.0,0.95,0.86,0.95,0.86,0.95,0.84,0.95,0.84,0.95,0.84,0.72,0.44,0.5971117459528837,0.4299204570860763,0.26272916821926884,0.5672561586552395,0.51351610151948,0.5672561586552395,0.5015738666004224
25465,Luxembourg,9/30/22,Novavax,483,430.0,401.0,430.0,401.0,415.0,396.0,415.0,396.0,415.0,396.0,314.0,208.0,0.89,0.83,0.89,0.83,0.86,0.82,0.86,0.82,0.86,0.82,0.65,0.43,0.00039995031673084087,0.00025996770587504656,0.00017197863619426156,0.00035595578189044836,0.0003319587628865979,0.00034395727238852313,0.0003279592597192895
25801,Malta,9/30/22,Johnson&Johnson,32404,27867.0,23331.0,27867.0,23331.0,24627.0,20739.0,24627.0,20739.0,24627.0,20739.0,18470.0,10693.0,0.86,0.72,0.86,0.72,0.76,0.64,0.76,0.64,0.76,0.64,0.57,0.33,0.025459190969074043,0.014511738852372204,0.008401533019794434,0.021894904233403678,0.01833061749773331,0.01934898513649627,0.016293882220207386
25802,Malta,9/30/22,Moderna,278693,270332.0,256398.0,270332.0,256398.0,270332.0,253611.0,270332.0,253611.0,270332.0,253611.0,203446.0,133773.0,0.97,0.92,0.97,0.92,0.97,0.91,0.97,0.91,0.97,0.91,0.73,0.48,0.2189636559913638,0.15984346887369558,0.10510255487585463,0.2123947463116229,0.2014465635120547,0.2123947463116229,0.19925692695214106
25803,Malta,9/30/22,Oxford/AstraZeneca,227860,214188.0,143552.0,214188.0,143552.0,214188.0,157223.0,214188.0,157223.0,214188.0,157223.0,161781.0,82030.0,0.94,0.63,0.94,0.63,0.94,0.69,0.94,0.69,0.94,0.69,0.71,0.36,0.1790251590610175,0.12710786293332244,0.0644490572619663,0.16828364951735644,0.11278585020844104,0.16828364951735644,0.12352735975210208
25804,Malta,9/30/22,Pfizer/BioNTech,733825,697134.0,631090.0,697134.0,631090.0,697134.0,616413.0,697134.0,616413.0,697134.0,616413.0,528354.0,322883.0,0.95,0.86,0.95,0.86,0.95,0.84,0.95,0.84,0.95,0.84,0.72,0.44,0.5765519939785446,0.4151174356645521,0.2536828773505596,0.5477243942796174,0.49583471482154834,0.5477243942796174,0.48430367494197746
26297,Nepal,7/4/22,Johnson&Johnson,3693423,3176344.0,2659265.0,3176344.0,2659265.0,2807001.0,2363791.0,2807001.0,2363791.0,2807001.0,2363791.0,2105251.0,1218830.0,0.86,0.72,0.86,0.72,0.76,0.64,0.76,0.64,0.76,0.64,0.57,0.33,0.0787710521278598,0.044899499712880084,0.025994447202193734,0.06774310482995943,0.05671515753205905,0.05986599961717345,0.050413473361830274
26298,Nepal,7/4/22,Moderna,7336243,7116156.0,6749344.0,7116156.0,6749344.0,7116156.0,6675981.0,7116156.0,6675981.0,7116156.0,6675981.0,5355457.0,3521397.0,0.97,0.92,0.97,0.92,0.97,0.91,0.97,0.91,0.97,0.91,0.73,0.48,0.15646287462217207,0.1142178984741856,0.07510217981864259,0.1517689883835069,0.14394584465239832,0.1517689883835069,0.14238121590617658
26299,Nepal,7/4/22,Oxford/AstraZeneca,14088349,13243048.0,8875660.0,13243048.0,8875660.0,13243048.0,9720961.0,13243048.0,9720961.0,13243048.0,9720961.0,10002728.0,5071806.0,0.94,0.63,0.94,0.63,0.94,0.69,0.94,0.69,0.94,0.69,0.71,0.36,0.30046763489437345,0.21333202077500513,0.10816834856197444,0.282439576800711,0.18929460998345526,0.282439576800711,0.20732266807711766
26300,Nepal,7/4/22,Pfizer/BioNTech,1797582,1707703.0,1545921.0,1707703.0,1545921.0,1707703.0,1509969.0,1707703.0,1509969.0,1707703.0,1509969.0,1294259.0,790936.0,0.95,0.86,0.95,0.86,0.95,0.84,0.95,0.84,0.95,0.84,0.72,0.44,0.03833772233131772,0.02760316007854876,0.016868597825779798,0.03642083621475183,0.03297044120493324,0.03642083621475183,0.032203686758306885
26301,Nepal,7/4/22,Sinopharm/Beijing,19972478,14579909.0,13581285.0,14579909.0,13581285.0,14180459.0,13381560.0,14180459.0,13381560.0,14180459.0,13381560.0,10585413.0,6990367.0,0.73,0.68,0.73,0.68,0.71,0.67,0.71,0.67,0.71,0.67,0.53,0.35,0.425960716024277,0.2257591794928668,0.14908625060849692,0.3109513226977222,0.2896532868965084,0.30243210837723666,0.2853936797362656
26509,Netherlands,2/4/22,Oxford/AstraZeneca,2473242,2324847.0,1558142.0,2324847.0,1558142.0,2324847.0,1706537.0,2324847.0,1706537.0,2324847.0,1706537.0,1756002.0,890367.0,0.94,0.63,0.94,0.63,0.94,0.69,0.94,0.69,0.94,0.69,0.71,0.36,0.07194498832630064,0.051080941711673454,0.02590019579746823,0.0676282890267226,0.0453253426455694,0.0676282890267226,0.04964204194514744
26622,Netherlands,9/2/22,Johnson&Johnson,755296,649555.0,543813.0,649555.0,543813.0,574025.0,483389.0,574025.0,483389.0,574025.0,483389.0,430519.0,249248.0,0.86,0.72,0.86,0.72,0.76,0.64,0.76,0.64,0.76,0.64,0.57,0.33,0.021971065469089387,0.01252350731738095,0.007250451604799498,0.01889511630341687,0.01581916713774436,0.016698009756507932,0.014061481900217207
26623,Netherlands,9/2/22,Moderna,8448384,8194932.0,7772513.0,8194932.0,7772513.0,8194932.0,7688029.0,8194932.0,7688029.0,8194932.0,7688029.0,6167320.0,4055224.0,0.97,0.92,0.97,0.92,0.97,0.91,0.97,0.91,0.97,0.91,0.73,0.48,0.24575795181227925,0.17940330482296385,0.11796381686989403,0.23838521325791087,0.2260973156672969,0.23838521325791087,0.22363973614917412
26624,Netherlands,9/2/22,Novavax,2707,2409.0,2247.0,2409.0,2247.0,2328.0,2220.0,2328.0,2220.0,2328.0,2220.0,1760.0,1164.0,0.89,0.83,0.89,0.83,0.86,0.82,0.86,0.82,0.86,0.82,0.65,0.43,7.874485529491083e-05,5.118415594169204e-05,3.3860287776811656e-05,7.008292121247064e-05,6.535822989477598e-05,6.772057555362331e-05,6.457078134182688e-05
26625,Netherlands,9/2/22,Pfizer/BioNTech,22697220,21562359.0,19519609.0,21562359.0,19519609.0,21562359.0,19065665.0,21562359.0,19065665.0,21562359.0,19065665.0,16341998.0,9986777.0,0.95,0.86,0.95,0.86,0.95,0.84,0.95,0.84,0.95,0.84,0.72,0.44,0.6602472495370358,0.47537801966666576,0.2905087897962958,0.627234887060184,0.5678126346018508,0.627234887060184,0.5546076896111101
26970,Norway,9/30/22,Johnson&Johnson,7346,6318.0,5289.0,6318.0,5289.0,5583.0,4701.0,5583.0,4701.0,5583.0,4701.0,4187.0,2424.0,0.86,0.72,0.86,0.72,0.76,0.64,0.76,0.64,0.76,0.64,0.57,0.33,0.0006185994305954764,0.00035260167543942154,0.00020413781209650724,0.0005319955103121097,0.000445391590028743,0.0004701355672525621,0.0003959036355811049
26971,Norway,9/30/22,Moderna,2351225,2280688.0,2163127.0,2280688.0,2163127.0,2280688.0,2139615.0,2280688.0,2139615.0,2280688.0,2139615.0,1716394.0,1128588.0,0.97,0.92,0.97,0.92,0.97,0.91,0.97,0.91,0.97,0.91,0.73,0.48,0.19799434334356783,0.1445358706408045,0.09503728480491255,0.1920545130432608,0.1821547958760824,0.1920545130432608,0.18017485244264672
26972,Norway,9/30/22,Oxford/AstraZeneca,147947,139070.0,93207.0,139070.0,93207.0,139070.0,102083.0,139070.0,102083.0,139070.0,102083.0,105042.0,53261.0,0.94,0.63,0.94,0.63,0.94,0.69,0.94,0.69,0.94,0.69,0.71,0.36,0.012458471271210041,0.008845514602559128,0.004485049657635615,0.011710962994937438,0.007848836900862325,0.011710962994937438,0.008596345177134928
26973,Norway,9/30/22,Pfizer/BioNTech,9368695,8900260.0,8057078.0,8900260.0,8057078.0,8900260.0,7869704.0,8900260.0,7869704.0,8900260.0,7869704.0,6745460.0,4122226.0,0.95,0.86,0.95,0.86,0.95,0.84,0.95,0.84,0.95,0.84,0.72,0.44,0.7889285859546267,0.5680285818873312,0.34712857782003576,0.7494821566568953,0.6784785839209789,0.7494821566568953,0.6627000122018863
28836,Peru,10/15/22,Moderna,5105330,4952170.0,4696904.0,4952170.0,4696904.0,4952170.0,4645850.0,4952170.0,4645850.0,4952170.0,4645850.0,3726891.0,2450558.0,0.97,0.92,0.97,0.92,0.97,0.91,0.97,0.91,0.97,0.91,0.73,0.48,0.06021801877949445,0.04395915370903095,0.028904649014157336,0.05841147821610962,0.0554005772771349,0.05841147821610962,0.05479839708933996
28837,Peru,10/15/22,Oxford/AstraZeneca,8022799,7541431.0,5054363.0,7541431.0,5054363.0,7541431.0,5535731.0,7541431.0,5535731.0,7541431.0,5535731.0,5696187.0,2888208.0,0.94,0.63,0.94,0.63,0.94,0.69,0.94,0.69,0.94,0.69,0.71,0.36,0.09462993789747369,0.06718725590720631,0.034066777643090525,0.08895214162362526,0.05961686087540843,0.08895214162362526,0.06529465714925684
28838,Peru,10/15/22,Pfizer/BioNTech,50440512,47918486.0,43378840.0,47918486.0,43378840.0,47918486.0,42370030.0,47918486.0,42370030.0,47918486.0,42370030.0,36317169.0,22193825.0,0.95,0.86,0.95,0.86,0.95,0.84,0.95,0.84,0.95,0.84,0.72,0.44,0.5949522751444697,0.4283656381040182,0.26177900106356666,0.5652046613872462,0.5116589566242439,0.5652046613872462,0.49975991112135454
28839,Peru,10/15/22,Sinopharm/Beijing,21212129,15484854.0,14424248.0,15484854.0,14424248.0,15060612.0,14212126.0,15060612.0,14212126.0,15060612.0,14212126.0,11242428.0,7424245.0,0.73,0.68,0.73,0.68,0.71,0.67,0.71,0.67,0.71,0.67,0.53,0.35,0.2501997681785622,0.13260587713463798,0.08756991886249677,0.1826458307703504,0.17013584236142232,0.17764183540677916,0.16763384467963668
29258,Poland,9/30/22,Oxford/AstraZeneca,5292302,4974764.0,3334150.0,4974764.0,3334150.0,4974764.0,3651688.0,4974764.0,3651688.0,4974764.0,3651688.0,3757534.0,1905229.0,0.94,0.63,0.94,0.63,0.94,0.69,0.94,0.69,0.94,0.69,0.71,0.36,0.09995453197110307,0.07096771769948318,0.0359836315095971,0.09395726005283689,0.06297135514179493,0.09395726005283689,0.06896862706006111
29260,Poland,10/4/22,Johnson&Johnson,2722660,2341488.0,1960315.0,2341488.0,1960315.0,2069222.0,1742502.0,2069222.0,1742502.0,2069222.0,1742502.0,1551916.0,898478.0,0.86,0.72,0.86,0.72,0.76,0.64,0.76,0.64,0.76,0.64,0.57,0.33,0.05142227446892553,0.029310696447287548,0.016969350574745426,0.04422315604327595,0.037024037617626376,0.0390809285963834,0.03291025566011234
29261,Poland,10/4/22,Moderna,3783258,3669760.0,3480597.0,3669760.0,3480597.0,3669760.0,3442765.0,3669760.0,3442765.0,3669760.0,3442765.0,2761778.0,1815964.0,0.97,0.92,0.97,0.92,0.97,0.91,0.97,0.91,0.97,0.91,0.73,0.48,0.07145355323939025,0.05216109386475488,0.03429770555490732,0.06930994664220853,0.06573726898023903,0.06930994664220853,0.06502273344784512
29262,Poland,10/4/22,Novavax,14950,13306.0,12408.0,13306.0,12408.0,12857.0,12259.0,12857.0,12259.0,12857.0,12259.0,9718.0,6428.0,0.89,0.83,0.89,0.83,0.86,0.82,0.86,0.82,0.86,0.82,0.65,0.43,0.0002823573282416595,0.0001835322633570787,0.00012141365114391358,0.000251298022135077,0.00023435658244057737,0.00024282730228782716,0.00023153300915816077
29263,Poland,10/4/22,Pfizer/BioNTech,41133924,39077228.0,35375175.0,39077228.0,35375175.0,39077228.0,34552496.0,39077228.0,34552496.0,39077228.0,34552496.0,29616425.0,18098927.0,0.95,0.86,0.95,0.86,0.95,0.84,0.95,0.84,0.95,0.84,0.72,0.44,0.7768872829923394,0.5593588437544844,0.3418304045166294,0.7380429188427224,0.6681230633734119,0.7380429188427224,0.6525853177135651
29692,Portugal,2/11/22,Covaxin,87,68.0,64.0,68.0,64.0,66.0,63.0,66.0,63.0,66.0,63.0,50.0,33.0,0.78,0.73,0.78,0.73,0.76,0.72,0.76,0.72,0.76,0.72,0.57,0.38,3.6549808945326275e-06,2.0833391098835976e-06,1.3888927399223985e-06,2.8508850977354496e-06,2.668136053008818e-06,2.777785479844797e-06,2.631586244063492e-06
29860,Portugal,8/12/22,Novavax,147,131.0,122.0,131.0,122.0,126.0,121.0,126.0,121.0,126.0,121.0,96.0,63.0,0.89,0.83,0.89,0.83,0.86,0.82,0.86,0.82,0.86,0.82,0.65,0.43,6.175657373520647e-06,4.014177292788421e-06,2.655532670613878e-06,5.496335062433376e-06,5.125795620022136e-06,5.311065341227756e-06,5.06403904628693e-06
29874,Portugal,9/2/22,Sinopharm/Beijing,3652,2666.0,2483.0,2666.0,2483.0,2593.0,2447.0,2593.0,2447.0,2593.0,2447.0,1936.0,1278.0,0.73,0.68,0.73,0.68,0.71,0.67,0.71,0.67,0.71,0.67,0.53,0.35,0.00015342517502107075,8.13153427611675e-05,5.3698811257374754e-05,0.00011200037776538164,0.00010432911901432812,0.00010893187426496022,0.0001027948672641174
29875,Portugal,9/2/22,Sinovac,6511,3256.0,3060.0,3256.0,3060.0,3190.0,2995.0,3190.0,2995.0,3190.0,2995.0,2409.0,1563.0,0.5,0.47,0.5,0.47,0.49,0.46,0.49,0.46,0.49,0.46,0.37,0.24,0.00027353540924484986,0.00010120810142059444,6.564849821876397e-05,0.00013676770462242493,0.00012856164234507943,0.00013403235052997643,0.00012582628825263094
29876,Portugal,9/9/22,Johnson&Johnson,1137062,977873.0,818685.0,977873.0,818685.0,864167.0,727720.0,864167.0,727720.0,864167.0,727720.0,648125.0,375230.0,0.86,0.72,0.86,0.72,0.76,0.64,0.76,0.64,0.76,0.64,0.57,0.33,0.047769423975851245,0.027228571666235206,0.015763909912030912,0.04108170461923207,0.0343939852626129,0.03630476222164695,0.030572431344544796
29881,Portugal,9/16/22,Oxford/AstraZeneca,2267362,2131320.0,1428438.0,2131320.0,1428438.0,2131320.0,1564480.0,2131320.0,1564480.0,2131320.0,1564480.0,1609827.0,816250.0,0.94,0.63,0.94,0.63,0.94,0.69,0.94,0.69,0.94,0.69,0.71,0.36,0.09525476771252055,0.06763088507588959,0.034291716376507395,0.08953948164976931,0.060010503658887944,0.08953948164976931,0.06572578972163917
29885,Portugal,9/30/22,Moderna,3693702,3582891.0,3398206.0,3582891.0,3398206.0,3582891.0,3361269.0,3582891.0,3361269.0,3582891.0,3361269.0,2696402.0,1772977.0,0.97,0.92,0.97,0.92,0.97,0.91,0.97,0.91,0.97,0.91,0.73,0.48,0.15517712919651672,0.1132793043134572,0.07448502201432802,0.1505218153206212,0.14276295886079537,0.1505218153206212,0.14121118756883022
29886,Portugal,9/30/22,Pfizer/BioNTech,16694611,15859880.0,14357365.0,15859880.0,14357365.0,15859880.0,14023473.0,15859880.0,14023473.0,15859880.0,14023473.0,12020120.0,7345629.0,0.95,0.86,0.95,0.86,0.95,0.84,0.95,0.84,0.95,0.84,0.72,0.44,0.7013618878925775,0.5049805592826557,0.3085992306727341,0.6662937934979486,0.6031712235876167,0.6662937934979486,0.589143985829765
31282,Romania,2/25/22,Oxford/AstraZeneca,849559,798585.0,535222.0,798585.0,535222.0,798585.0,586196.0,798585.0,586196.0,798585.0,586196.0,603187.0,305841.0,0.94,0.63,0.94,0.63,0.94,0.69,0.94,0.69,0.94,0.69,0.71,0.36,0.05048638875706092,0.03584533601751325,0.01817509995254193,0.04745720543163726,0.03180642491694838,0.04745720543163726,0.034835608242372036
31599,Romania,6/11/22,Johnson&Johnson,2054653,1767002.0,1479350.0,1767002.0,1479350.0,1561536.0,1314978.0,1561536.0,1314978.0,1561536.0,1314978.0,1171152.0,678035.0,0.86,0.72,0.86,0.72,0.76,0.64,0.76,0.64,0.76,0.64,0.57,0.33,0.12210100783919832,0.06959757446834304,0.040293332586935446,0.10500686674171056,0.08791272564422278,0.09279676595779073,0.07814464501708693
31600,Romania,6/11/22,Moderna,1008835,978570.0,928128.0,978570.0,928128.0,978570.0,918040.0,978570.0,918040.0,978570.0,918040.0,736450.0,484241.0,0.97,0.92,0.97,0.92,0.97,0.91,0.97,0.91,0.97,0.91,0.73,0.48,0.059951617252868315,0.04376468059459387,0.02877677628137679,0.05815306873528226,0.05515548787263885,0.05815306873528226,0.054555971700110166
31601,Romania,6/11/22,Pfizer/BioNTech,12914439,12268717.0,11106418.0,12268717.0,11106418.0,12268717.0,10848129.0,12268717.0,10848129.0,12268717.0,10848129.0,9298396.0,5682353.0,0.95,0.86,0.95,0.86,0.95,0.84,0.95,0.84,0.95,0.84,0.72,0.44,0.7674609861508724,0.5525719100286282,0.3376828339063839,0.7290879368433287,0.6600164480897502,0.7290879368433287,0.6446672283667328
31830,Slovakia,1/14/22,Sputnik V,37984,34945.0,32666.0,34945.0,32666.0,33806.0,32286.0,33806.0,32286.0,33806.0,32286.0,25449.0,16713.0,0.92,0.86,0.92,0.86,0.89,0.85,0.89,0.85,0.89,0.85,0.67,0.44,0.005507778010909704,0.003690211267309502,0.0024234223248002697,0.005067155770036928,0.004736689089382346,0.004901922429709637,0.004681611309273248
31883,Slovakia,4/22/22,Oxford/AstraZeneca,844167,793517.0,531825.0,793517.0,531825.0,793517.0,582475.0,793517.0,582475.0,793517.0,582475.0,599359.0,303900.0,0.94,0.63,0.94,0.63,0.94,0.69,0.94,0.69,0.94,0.69,0.71,0.36,0.12240639322176738,0.08690853918745484,0.044066301559836256,0.11506200962846133,0.07711602772971345,0.11506200962846133,0.08446041132301949
31981,Slovakia,10/4/22,Johnson&Johnson,186260,160184.0,134107.0,160184.0,134107.0,141558.0,119206.0,141558.0,119206.0,141558.0,119206.0,106168.0,61466.0,0.86,0.72,0.86,0.72,0.76,0.64,0.76,0.64,0.76,0.64,0.57,0.33,0.027008180610573966,0.01539466294802716,0.00891269960148941,0.023227035325093612,0.019445890039613254,0.020526217264036216,0.017285235590767337
31982,Slovakia,10/4/22,Moderna,678992,658622.0,624673.0,658622.0,624673.0,658622.0,617883.0,658622.0,617883.0,658622.0,617883.0,495664.0,325916.0,0.97,0.92,0.97,0.92,0.97,0.91,0.97,0.91,0.97,0.91,0.73,0.48,0.09845559201725995,0.07187258217259976,0.04725868416828478,0.09550192425674216,0.09057914465587916,0.09550192425674216,0.08959458873570655
31983,Slovakia,10/4/22,Novavax,3658,3256.0,3036.0,3256.0,3036.0,3146.0,3000.0,3146.0,3000.0,3146.0,3000.0,2378.0,1573.0,0.89,0.83,0.89,0.83,0.86,0.82,0.86,0.82,0.86,0.82,0.65,0.43,0.0005304194388139137,0.00034477263522904387,0.00022808035868998288,0.00047207330054438315,0.0004402481342155483,0.00045616071737996576,0.0004349439398274092
31984,Slovakia,10/4/22,Pfizer/BioNTech,5145368,4888100.0,4425016.0,4888100.0,4425016.0,4888100.0,4322109.0,4888100.0,4322109.0,4888100.0,4322109.0,3704665.0,2263962.0,0.95,0.86,0.95,0.86,0.95,0.84,0.95,0.84,0.95,0.84,0.72,0.44,0.7460916367006751,0.5371859784244861,0.32828032014829706,0.7087870548656413,0.6416388075625806,0.7087870548656413,0.6267169748285671
32298,Slovenia,9/2/22,Johnson&Johnson,135924,116895.0,97865.0,116895.0,97865.0,103302.0,86991.0,103302.0,86991.0,103302.0,86991.0,77477.0,44855.0,0.86,0.72,0.86,0.72,0.76,0.64,0.76,0.64,0.76,0.64,0.57,0.33,0.04553810403971267,0.025956719302636218,0.01502757433310518,0.03916276947415289,0.03278743490859312,0.034608959070181626,0.029144386585416106
32307,Slovenia,9/16/22,Oxford/AstraZeneca,323527,304115.0,203822.0,304115.0,203822.0,304115.0,223234.0,304115.0,223234.0,304115.0,223234.0,229704.0,116470.0,0.94,0.63,0.94,0.63,0.94,0.69,0.94,0.69,0.94,0.69,0.71,0.36,0.1083900281455528,0.07695691998334249,0.03902041013239901,0.10188662645681963,0.06828571773169827,0.10188662645681963,0.07478911942043143
32312,Slovenia,9/30/22,Moderna,237424,230301.0,218430.0,230301.0,218430.0,230301.0,216056.0,230301.0,216056.0,230301.0,216056.0,173320.0,113964.0,0.97,0.92,0.97,0.92,0.97,0.91,0.97,0.91,0.97,0.91,0.73,0.48,0.07954326545367073,0.05806658378117963,0.03818076741776195,0.07715696749006061,0.07317980421737708,0.07715696749006061,0.07238437156284036
32313,Slovenia,9/30/22,Novavax,200,178.0,166.0,178.0,166.0,172.0,164.0,172.0,164.0,172.0,164.0,130.0,86.0,0.89,0.83,0.89,0.83,0.86,0.82,0.86,0.82,0.86,0.82,0.65,0.43,6.70052441654346e-05,4.355340870753249e-05,2.881225499113688e-05,5.96346673072368e-05,5.5614352657310716e-05,5.762450998227376e-05,5.494430021565637e-05
32314,Slovenia,9/30/22,Pfizer/BioNTech,2287766,2173378.0,1967479.0,2173378.0,1967479.0,2173378.0,1921723.0,2173378.0,1921723.0,2173378.0,1921723.0,1647192.0,1006617.0,0.95,0.86,0.95,0.86,0.95,0.84,0.95,0.84,0.95,0.84,0.72,0.44,0.7664615971168983,0.5518523499241668,0.33724310273143526,0.7281385172610534,0.6591569735205326,0.7281385172610534,0.6438277415781946
32723,South Africa,10/18/22,Johnson&Johnson,9263824,7966889.0,6669953.0,7966889.0,6669953.0,7040506.0,5928847.0,7040506.0,5928847.0,7040506.0,5928847.0,5280380.0,3057062.0,0.86,0.72,0.86,0.72,0.76,0.64,0.76,0.64,0.76,0.64,0.57,0.33,0.24556658275785526,0.13997295217197747,0.08103697231009224,0.2111872611717555,0.17680793958565577,0.18663060289597,0.15716261296502737
32724,South Africa,10/18/22,Pfizer/BioNTech,28460462,27037439.0,24475997.0,27037439.0,24475997.0,27037439.0,23906788.0,27037439.0,23906788.0,27037439.0,23906788.0,20491533.0,12522603.0,0.95,0.86,0.95,0.86,0.95,0.84,0.95,0.84,0.95,0.84,0.72,0.44,0.7544334172421447,0.5431920604143442,0.3319507035865437,0.7167117463800374,0.6488127388282444,0.7167117463800374,0.6337240704834015
35027,South Korea,9/5/22,Oxford/AstraZeneca,20325103,19105597.0,12804815.0,19105597.0,12804815.0,19105597.0,14024321.0,19105597.0,14024321.0,19105597.0,14024321.0,14430823.0,7317037.0,0.94,0.63,0.94,0.63,0.94,0.69,0.94,0.69,0.94,0.69,0.71,0.36,0.15727553843694472,0.11166563229023074,0.056619193837300096,0.14783900613072803,0.09908358921527517,0.14783900613072803,0.10852012152149185
35213,South Korea,10/17/22,Johnson&Johnson,1544565,1328326.0,1112087.0,1328326.0,1112087.0,1173869.0,988522.0,1173869.0,988522.0,1173869.0,988522.0,880402.0,509706.0,0.86,0.72,0.86,0.72,0.76,0.64,0.76,0.64,0.76,0.64,0.57,0.33,0.01195183571890679,0.006812546359776869,0.003944105787239241,0.010278578718259839,0.008605321717612888,0.00908339514636916,0.007649174860100345
35214,South Korea,10/17/22,Moderna,25252567,24494990.0,23232362.0,24494990.0,23232362.0,24494990.0,22979836.0,24494990.0,22979836.0,24494990.0,22979836.0,18434374.0,12121232.0,0.97,0.92,0.97,0.92,0.97,0.91,0.97,0.91,0.97,0.91,0.73,0.48,0.19540422854634598,0.14264508683883256,0.09379402970224607,0.18954210168995558,0.17977189026263832,0.18954210168995558,0.17781784797717484
35215,South Korea,10/17/22,Novavax,840921,748420.0,697964.0,748420.0,697964.0,723192.0,689555.0,723192.0,689555.0,723192.0,689555.0,546599.0,361596.0,0.89,0.83,0.89,0.83,0.86,0.82,0.86,0.82,0.86,0.82,0.65,0.43,0.006507042205785329,0.004229577433760464,0.0027980281484876915,0.005791267563148943,0.0054008450308018225,0.005596056296975383,0.00533577460874397
35216,South Korea,10/17/22,Pfizer/BioNTech,81268318,77204902.0,69890753.0,77204902.0,69890753.0,77204902.0,68265387.0,77204902.0,68265387.0,77204902.0,68265387.0,58513189.0,35758060.0,0.95,0.86,0.95,0.86,0.95,0.84,0.95,0.84,0.95,0.84,0.72,0.44,0.6288538105472257,0.45277474359400244,0.2766956766407793,0.5974111200198644,0.540814277070614,0.5974111200198644,0.5282372008596695
35217,South Korea,10/17/22,SKYCovione,975,731.0,682.0,731.0,682.0,712.0,673.0,712.0,673.0,712.0,673.0,536.0,351.0,0.75,0.7,0.75,0.7,0.73,0.69,0.73,0.69,0.73,0.69,0.55,0.36,7.544544791532968e-06,4.1494996353431325e-06,2.7160361249518686e-06,5.658408593649726e-06,5.281181354073077e-06,5.507517697819067e-06,5.205735906157748e-06
35491,Spain,7/15/22,Oxford/AstraZeneca,9794598,9206922.0,6170597.0,9206922.0,6170597.0,9206922.0,6758273.0,9206922.0,6758273.0,9206922.0,6758273.0,6954165.0,3526055.0,0.94,0.63,0.94,0.63,0.94,0.69,0.94,0.69,0.94,0.69,0.71,0.36,0.09505081210593538,0.06748607659521412,0.03421829235813674,0.08934776337957925,0.05988201162673929,0.08934776337957925,0.06558506035309541
35514,Spain,9/30/22,Johnson&Johnson,1981073,1703723.0,1426373.0,1703723.0,1426373.0,1505615.0,1267887.0,1505615.0,1267887.0,1505615.0,1267887.0,1129212.0,653754.0,0.86,0.72,0.86,0.72,0.76,0.64,0.76,0.64,0.76,0.64,0.57,0.33,0.019225148136875217,0.010958334438018873,0.006344298885168822,0.016533627397712688,0.013842106658550155,0.014611112584025166,0.01230409480760014
35515,Spain,9/30/22,Moderna,24111869,23388513.0,22182919.0,23388513.0,22182919.0,23388513.0,21941801.0,23388513.0,21941801.0,23388513.0,21941801.0,17601664.0,11573697.0,0.97,0.92,0.97,0.92,0.97,0.91,0.97,0.91,0.97,0.91,0.73,0.48,0.2339915053013843,0.17081379887001052,0.11231592254466445,0.22697176014234277,0.21527218487727356,0.22697176014234277,0.21293226982425972
35516,Spain,9/30/22,Pfizer/BioNTech,67158376,63800457.0,57756203.0,63800457.0,57756203.0,63800457.0,56413036.0,63800457.0,56413036.0,63800457.0,56413036.0,48354031.0,29549685.0,0.95,0.86,0.95,0.86,0.95,0.84,0.95,0.84,0.95,0.84,0.72,0.44,0.6517325344558051,0.4692474248081797,0.2867623151605543,0.6191459077330148,0.5604899796319924,0.6191459077330148,0.5474553289428763
35632,Sweden,11/5/21,Oxford/AstraZeneca,1322062,1242738.0,832899.0,1242738.0,832899.0,1242738.0,912223.0,1242738.0,912223.0,1242738.0,912223.0,938664.0,475942.0,0.94,0.63,0.94,0.63,0.94,0.69,0.94,0.69,0.94,0.69,0.71,0.36,0.0601296328630419,0.042692039332759744,0.021646667830695084,0.05652185489125938,0.0378816687037164,0.05652185489125938,0.041489446675498906
35755,Sweden,9/30/22,Moderna,4152280,4027712.0,3820098.0,4027712.0,3820098.0,4027712.0,3778575.0,4027712.0,3778575.0,4027712.0,3778575.0,3031164.0,1993094.0,0.97,0.92,0.97,0.92,0.97,0.91,0.97,0.91,0.97,0.91,0.73,0.48,0.18885277085685212,0.13786252272550203,0.09064933001128901,0.18318718773114656,0.17374454918830395,0.18318718773114656,0.17185602147973544
35756,Sweden,9/30/22,Novavax,6913,6153.0,5738.0,6153.0,5738.0,5945.0,5669.0,5945.0,5669.0,5945.0,5669.0,4493.0,2973.0,0.89,0.83,0.89,0.83,0.86,0.82,0.86,0.82,0.86,0.82,0.65,0.43,0.0003144150213698061,0.00020436976389037398,0.00013519845918901662,0.0002798293690191274,0.00026096446773693906,0.00027039691837803324,0.000257820317523241
35757,Sweden,9/30/22,Pfizer/BioNTech,16505608,15680328.0,14194823.0,15680328.0,14194823.0,15680328.0,13864711.0,15680328.0,13864711.0,15680328.0,13864711.0,11884038.0,7262468.0,0.95,0.86,0.95,0.86,0.95,0.84,0.95,0.84,0.95,0.84,0.72,0.44,0.7507031812587361,0.54050629050629,0.3303093997538439,0.7131680221957993,0.6456047358825131,0.7131680221957993,0.6305906722573383
37417,Switzerland,10/1/22,Moderna,9939440,9641257.0,9144285.0,9641257.0,9144285.0,9641257.0,9044890.0,9641257.0,9044890.0,9641257.0,9044890.0,7255791.0,4770931.0,0.97,0.92,0.97,0.92,0.97,0.91,0.97,0.91,0.97,0.91,0.73,0.48,0.6210314851961245,0.4533529841931709,0.29809511289413976,0.6024005406402407,0.5713489663804345,0.6024005406402407,0.5651386515284733
37439,Switzerland,10/8/22,Johnson&Johnson,62859,54059.0,45258.0,54059.0,45258.0,47773.0,40230.0,47773.0,40230.0,47773.0,40230.0,35830.0,20743.0,0.86,0.72,0.86,0.72,0.76,0.64,0.76,0.64,0.76,0.64,0.57,0.33,0.003927526915796382,0.0022386903420039375,0.0012960838822128062,0.0033776731475848886,0.002827819379373395,0.0029849204560052503,0.0025136172261096845
37441,Switzerland,10/8/22,Novavax,630,561.0,523.0,561.0,523.0,542.0,517.0,542.0,517.0,542.0,517.0,410.0,271.0,0.89,0.83,0.89,0.83,0.86,0.82,0.86,0.82,0.86,0.82,0.65,0.43,3.9363368124719146e-05,2.5586189281067445e-05,1.692624829362923e-05,3.503339763100004e-05,3.267159554351689e-05,3.385249658725846e-05,3.22779618622697e-05
37442,Switzerland,10/8/22,Pfizer/BioNTech,6001799,5701709.0,5161547.0,5701709.0,5161547.0,5701709.0,5041511.0,5701709.0,5041511.0,5701709.0,5041511.0,4321295.0,2640792.0,0.95,0.86,0.95,0.86,0.95,0.84,0.95,0.84,0.95,0.84,0.72,0.44,0.37500162451995434,0.2700011696543671,0.1650007147887799,0.3562515432939566,0.32250139708716075,0.3562515432939566,0.31500136459676165
38144,Ukraine,9/19/21,Johnson&Johnson,20680,17785.0,14890.0,17785.0,14890.0,15717.0,13235.0,15717.0,13235.0,15717.0,13235.0,11788.0,6824.0,0.86,0.72,0.86,0.72,0.76,0.64,0.76,0.64,0.76,0.64,0.57,0.33,0.0006527095811643417,0.00037204446126367475,0.00021539416178423278,0.0005613302398013338,0.000469950898438326,0.0004960592816848997,0.0004177341319451787
38930,Ukraine,2/23/22,Moderna,3044899,2953552.0,2801307.0,2953552.0,2801307.0,2953552.0,2770858.0,2953552.0,2770858.0,2953552.0,2770858.0,2222776.0,1461552.0,0.97,0.92,0.97,0.92,0.97,0.91,0.97,0.91,0.97,0.91,0.73,0.48,0.09610419492155334,0.07015606229273394,0.0461300135623456,0.09322106907390673,0.08841585932782907,0.09322106907390673,0.08745481737861353
38931,Ukraine,2/23/22,Oxford/AstraZeneca,4041487,3798998.0,2546137.0,3798998.0,2546137.0,3798998.0,2788626.0,3798998.0,2788626.0,3798998.0,2788626.0,2869456.0,1454935.0,0.94,0.63,0.94,0.63,0.94,0.69,0.94,0.69,0.94,0.69,0.71,0.36,0.12755886301020947,0.09056679273724871,0.04592119068367541,0.11990533122959689,0.08036208369643197,0.11990533122959689,0.08801561547704452
38932,Ukraine,2/23/22,Pfizer/BioNTech,14774013,14035312.0,12705651.0,14035312.0,12705651.0,14035312.0,12410171.0,14035312.0,12410171.0,14035312.0,12410171.0,10637289.0,6500566.0,0.95,0.86,0.95,0.86,0.95,0.84,0.95,0.84,0.95,0.84,0.72,0.44,0.46630270006511315,0.33573794404688145,0.20517318802864978,0.4429875650618575,0.4010203220559973,0.4429875650618575,0.39169426805469504
38933,Ukraine,2/23/22,Sinovac,9802231,4901116.0,4607049.0,4901116.0,4607049.0,4803093.0,4509026.0,4803093.0,4509026.0,4803093.0,4509026.0,3626825.0,2352535.0,0.5,0.47,0.5,0.47,0.49,0.46,0.49,0.46,0.49,0.46,0.37,0.24,0.3093815324219597,0.11447116699612508,0.07425156778127033,0.15469076621097985,0.14540932023832107,0.15159695088676026,0.14231550491410147
40361,United States of America,10/12/22,Johnson&Johnson,18916447,16268144.0,13619842.0,16268144.0,13619842.0,14376500.0,12106526.0,14376500.0,12106526.0,14376500.0,12106526.0,10782375.0,6242428.0,0.86,0.72,0.86,0.72,0.76,0.64,0.76,0.64,0.76,0.64,0.57,0.33,0.030163566124875637,0.017193232691179113,0.00995397682120896,0.025940666867393047,0.021717767609910458,0.022924310254905485,0.01930468231992041
40362,United States of America,10/12/22,Moderna,235757021,228684310.0,216896459.0,228684310.0,216896459.0,228684310.0,214538889.0,228684310.0,214538889.0,228684310.0,214538889.0,172102625.0,113163370.0,0.97,0.92,0.97,0.92,0.97,0.91,0.97,0.91,0.97,0.91,0.73,0.48,0.37593066458712854,0.2744293851486038,0.1804467190018217,0.3646527446495147,0.34585621142015827,0.3646527446495147,0.342096904774287
40363,United States of America,10/12/22,Pfizer/BioNTech,372455530,353832754.0,320311756.0,353832754.0,320311756.0,353832754.0,312862645.0,353832754.0,312862645.0,353832754.0,312862645.0,268167982.0,163880433.0,0.95,0.86,0.95,0.86,0.95,0.84,0.95,0.84,0.95,0.84,0.72,0.44,0.5939057692879959,0.427612153887357,0.2613185384867182,0.564210480823596,0.5107589615876764,0.564210480823596,0.49888084620191653
41524,Uruguay,9/16/22,Sinovac,3248161,1624080.0,1526636.0,1624080.0,1526636.0,1591599.0,1494154.0,1591599.0,1494154.0,1591599.0,1494154.0,1201820.0,779559.0,0.5,0.47,0.5,0.47,0.49,0.46,0.49,0.46,0.49,0.46,0.37,0.24,0.5509533666874281,0.2038527456743484,0.13222880800498274,0.27547668334371406,0.2589480823430912,0.26996714967683977,0.25343854867621696
41544,Uruguay,10/12/22,Oxford/AstraZeneca,91141,85673.0,57419.0,85673.0,57419.0,85673.0,62887.0,85673.0,62887.0,85673.0,62887.0,64710.0,32811.0,0.94,0.63,0.94,0.63,0.94,0.69,0.94,0.69,0.94,0.69,0.71,0.36,0.01545934477794016,0.010976134792337514,0.005565364120058458,0.014531784091263749,0.0097393872101023,0.014531784091263749,0.01066694789677871
41549,Uruguay,10/17/22,Pfizer/BioNTech,2556226,2428415.0,2198354.0,2428415.0,2198354.0,2428415.0,2147230.0,2428415.0,2147230.0,2428415.0,2147230.0,1840483.0,1124739.0,0.95,0.86,0.95,0.86,0.95,0.84,0.95,0.84,0.95,0.84,0.72,0.44,0.4335872885346317,0.3121828477449348,0.19077840695523796,0.41190792410790006,0.3728850681397832,0.41190792410790006,0.3642133223690906
